NR_ZONA,NR_SECAO,NM_LOCAL_VOTACAO,DS_LOCAL_VOTACAO_ENDERECO,QT_VOTOS
1,5,ESCOLA ESTADUAL PRESIDENTE ROOSEVELT,"RUA BOTAFOGO, 396",6
1,138,TRT - TRIBUNAL REGIONAL DO TRABALHO,"AV.  PRAIA DE BELAS, 1100",6
1,216,ESCOLA MÃE ADMIRÁVEL,RUA BARONESA DO GRAVATAÍ 165,6
1,310,ESCOLA ESTADUAL EUCLIDES DA CUNHA,"RUA BARAO DO CERRO LARGO, 385",6
1,100,ESCOLA ESTADUAL MANÉ GARRINCHA,"AV. ÉRICO VERÍSSIMO, 1255",5
1,117,ESCOLA LA SALLE PÃO DOS POBRES,"RUA DA REPUBLICA, 801",5
1,151,INSTITUTO DA PROVIDENCIA,"RUA DEMETRIO RIBEIRO, 594",5
1,182,SESC - CENTRO,"AV. ALBERTO BINS, 665",5
1,241,UNIVERSIDADE FEDERAL DE CIÊNCIAS DA SAÚDE  DE PORTO ALEGRE,"RUA SARMENTO LEITE, 245",5
1,244,COLEGIO BOM JESUS - SEVIGNE,"RUA DUQUE DE CAXIAS,1443",5
1,253,TRT - TRIBUNAL REGIONAL DO TRABALHO,"AV.  PRAIA DE BELAS, 1100",5
1,291,ESCOLA ESTADUAL INACIO MONTANHA,"AV. JOAO PESSOA, 2125",5
1,6,ESCOLA ESTADUAL AFONSO EMILIO MASSOT,"RUA JOSE HONORATO DOS SANTOS, 101",4
1,7,COLEGIO ROMANO SANTA MARTA,"RUA MARCILIO DIAS, 1201",4
1,13,TRIBUNAL DE JUSTICA DO RS - PALACIO,"PRACA DA MATRIZ, 55",4
1,14,ESCOLA ESTADUAL DUQUE DE CAXIAS,"RUA GENERAL CALDWELL, 1175",4
1,22,ESCOLA ESTADUAL CANDIDO PORTINARI,"RUA MUCIO TEIXEIRA, 252",4
1,28,ESCOLA TECNICA ESTADUAL PAROBÉ,"AVENIDA LOUREIRO DA SILVA, 945",4
1,35,TRIBUNAL DE JUSTICA DO RS - PALACIO,"PRACA DA MATRIZ, 55",4
1,39,ESCOLA LA SALLE PÃO DOS POBRES,"RUA DA REPUBLICA, 801",4
1,53,COLEGIO LA SALLE DORES,"RUA RIACHUELO, 800",4
1,59,SENAC - TECH,"AV. VENANCIO AIRES, 93",4
1,62,ESCOLA ESTADUAL RIO DE JANEIRO,"RUA GENERAL LIMA E SILVA, 400",4
1,70,ESCOLA ESTADUAL INFANTE DOM HENRIQUE,"RUA GONCALVES DIAS, 1022",4
1,77,ESCOLA ESTADUAL PAULA SOARES,"RUA GENERAL AUTO, 68",4
1,85,SENAC - TECH,"AV. VENANCIO AIRES, 93",4
1,86,TRIBUNAL DE JUSTICA DO RS - PALACIO,"PRACA DA MATRIZ, 55",4
1,90,ESCOLA ESTADUAL ERNESTO DORNELLES,"RUA DUQUE DE CAXIAS,385",4
1,97,ESTÁCIO / FARGS - FACULDADES RIO-GRANDENSES,"RUA MARECHAL FLORIANO PEIXOTO, 626",4
1,99,ESCOLA ESTADUAL DUQUE DE CAXIAS,"RUA GENERAL CALDWELL, 1175",4
1,102,TRIBUNAL DE JUSTICA DO RS - PALACIO,"PRACA DA MATRIZ, 55",4
1,131,INSTITUTO IMACULADO CORACAO DE MARIA,"RUA RIACHUELO, 508",4
1,132,ESCOLA ESTADUAL PRESIDENTE ROOSEVELT,"RUA BOTAFOGO, 396",4
1,145,ESCOLA ESTADUAL DUQUE DE CAXIAS,"RUA GENERAL CALDWELL, 1175",4
1,167,ESCOLA ESTADUAL DUQUE DE CAXIAS,"RUA GENERAL CALDWELL, 1175",4
1,179,COLEGIO BOM JESUS - SEVIGNE,"RUA DUQUE DE CAXIAS,1443",4
1,206,ESCOLA LA SALLE PÃO DOS POBRES (SEÇÕES OLINTHO DE OLIVEIRA),"RUA DA REPUBLICA, 801",4
1,213,SECRETARIA DA FAZENDA,"AV. SIQUEIRA CAMPOS, 1044",4
1,215,FACULDADE DE DIREITO - UFRGS,"AV. JOAO PESSOA, 80",4
1,227,ESTÁCIO / FARGS - FACULDADES RIO-GRANDENSES,"RUA MARECHAL FLORIANO PEIXOTO, 626",4
1,243,TRT - TRIBUNAL REGIONAL DO TRABALHO,"AV.  PRAIA DE BELAS, 1100",4
1,270,ESCOLA ESTADUAL MARECHAL FLORIANO PEIXOTO,"RUA COMENDADOR CORUJA, 315",4
1,289,ESCOLA ESTADUAL INACIO MONTANHA,"AV. JOAO PESSOA, 2125",4
1,301,ESCOLA SÃO FRANCISCO - MENINO DEUS,"PRACA MENINO DEUS, 77",4
1,309,ESCOLA ESTADUAL EUCLIDES DA CUNHA,"RUA BARAO DO CERRO LARGO, 385",4
1,15,FACULDADE DE DIREITO - UFRGS,"AV. JOAO PESSOA, 80",3
1,16,COLEGIO BOM JESUS - SEVIGNE,"RUA DUQUE DE CAXIAS,1443",3
1,20,ESCOLA ESTADUAL RIO DE JANEIRO,"RUA GENERAL LIMA E SILVA, 400",3
1,32,ESCOLA ESTADUAL PRESIDENTE ROOSEVELT,"RUA BOTAFOGO, 396",3
1,36,ESCOLA ESTADUAL DUQUE DE CAXIAS,"RUA GENERAL CALDWELL, 1175",3
1,37,ESCOLA TECNICA ESTADUAL PAROBÉ,"AVENIDA LOUREIRO DA SILVA, 945",3
1,42,ESCOLA ESTADUAL PAULA SOARES,"RUA GENERAL AUTO, 68",3
1,72,FORO TRABALHISTA DE PORTO ALEGRE,"AV. PRAIA DE BELAS, 1432",3
1,74,INSTITUTO DE ARTES DA UFRGS,"RUA SENHOR DOS PASSOS, 248",3
1,76,ESCOLA ESTADUAL LEOPOLDA BARNEWITZ,"RUA JOAO ALFREDO, 443",3
1,80,ESCOLA ESTADUAL PAULA SOARES,"RUA GENERAL AUTO, 68",3
1,83,ESCOLA ESTADUAL PRESIDENTE ROOSEVELT,"RUA BOTAFOGO, 396",3
1,87,ESCOLA ESTADUAL DUQUE DE CAXIAS,"RUA GENERAL CALDWELL, 1175",3
1,92,COLEGIO LA SALLE DORES,"RUA RIACHUELO, 800",3
1,101,ESCOLA ESTADUAL DUQUE DE CAXIAS,"RUA GENERAL CALDWELL, 1175",3
1,109,INSTITUTO DA PROVIDENCIA,"RUA DEMETRIO RIBEIRO, 594",3
1,110,ESCOLA LA SALLE PÃO DOS POBRES,"RUA DA REPUBLICA, 801",3
1,112,ESCOLA ESTADUAL AFONSO EMILIO MASSOT,"RUA JOSE HONORATO DOS SANTOS, 101",3
1,114,ESCOLA ESTADUAL RIO DE JANEIRO,"RUA GENERAL LIMA E SILVA, 400",3
1,136,COLEGIO LA SALLE DORES,"RUA RIACHUELO, 800",3
1,140,ESCOLA ESTADUAL CANDIDO PORTINARI,"RUA MUCIO TEIXEIRA, 252",3
1,141,SECRETARIA DA FAZENDA,"AV. SIQUEIRA CAMPOS, 1044",3
1,148,COLEGIO BOM JESUS - SEVIGNE,"RUA DUQUE DE CAXIAS,1443",3
1,155,COLEGIO LA SALLE DORES,"RUA RIACHUELO, 800",3
1,160,ESCOLA TECNICA ESTADUAL PAROBÉ,"AVENIDA LOUREIRO DA SILVA, 945",3
1,169,TRT - TRIBUNAL REGIONAL DO TRABALHO,"AV.  PRAIA DE BELAS, 1100",3
1,180,TRIBUNAL DE CONTAS DO ESTADO,"RUA 7 DE SETEMBRO, 388",3
1,185,SENAC,"RUA CORONEL GENUINO, 130",3
1,194,INSTITUTO DA PROVIDENCIA,"RUA DEMETRIO RIBEIRO, 594",3
1,198,ESCOLA ESTADUAL PRESIDENTE ROOSEVELT,"RUA BOTAFOGO, 396",3
1,201,SENAC,"RUA CORONEL GENUINO, 130",3
1,204,ESCOLA ESTADUAL CANDIDO PORTINARI,"RUA MUCIO TEIXEIRA, 252",3
1,205,ESCOLA ESTADUAL RIO DE JANEIRO,"RUA GENERAL LIMA E SILVA, 400",3
1,207,ESCOLA ESTADUAL AFONSO EMILIO MASSOT,"RUA JOSE HONORATO DOS SANTOS, 101",3
1,214,COLEGIO LA SALLE DORES,"RUA RIACHUELO, 800",3
1,218,ESCOLA ESTADUAL PRESIDENTE ROOSEVELT,"RUA BOTAFOGO, 396",3
1,221,COLEGIO BOM JESUS - SEVIGNE,"RUA DUQUE DE CAXIAS,1443",3
1,240,COLEGIO ROMANO SANTA MARTA,"RUA MARCILIO DIAS, 1201",3
1,246,ESCOLA ESTADUAL WILLIAM RICHARD SCHISLER,"RUA VISCONDE DO HERVAL, 970",3
1,251,ESCOLA ESTADUAL WILLIAM RICHARD SCHISLER,"RUA VISCONDE DO HERVAL, 970",3
1,252,ESCOLA ESTADUAL CANDIDO PORTINARI,"RUA MUCIO TEIXEIRA, 252",3
1,258,ESCOLA ESTADUAL WILLIAM RICHARD SCHISLER,"RUA VISCONDE DO HERVAL, 970",3
1,260,TRT - TRIBUNAL REGIONAL DO TRABALHO,"AV.  PRAIA DE BELAS, 1100",3
1,265,ESCOLA ESTADUAL RIO DE JANEIRO,"RUA GENERAL LIMA E SILVA, 400",3
1,268,ESCOLA ESTADUAL MARECHAL FLORIANO PEIXOTO,"RUA COMENDADOR CORUJA, 315",3
1,285,SALAO PAROQUIAL DA IGREJA  NOSSA SENHORA DA POMPEIA,"RUA BARROS CASSAL, 220",3
1,292,ESCOLA ESTADUAL INACIO MONTANHA,"AV. JOAO PESSOA, 2125",3
1,297,ESCOLA SÃO FRANCISCO - MENINO DEUS,"PRACA MENINO DEUS, 77",3
1,300,ESCOLA SÃO FRANCISCO - MENINO DEUS,"PRACA MENINO DEUS, 77",3
1,303,ESCOLA SÃO FRANCISCO - MENINO DEUS,"PRACA MENINO DEUS, 77",3
1,305,ESCOLA SÃO FRANCISCO - MENINO DEUS,"PRACA MENINO DEUS, 77",3
1,316,ESCOLA ESTADUAL WILLIAM RICHARD SCHISLER,"RUA VISCONDE DO HERVAL, 970",3
1,2,ESCOLA ESTADUAL LEOPOLDA BARNEWITZ,"RUA JOAO ALFREDO, 443",2
1,11,SESC - CENTRO,"AV. ALBERTO BINS, 665",2
1,12,ESCOLA DE ADMINISTRACAO DA UFRGS,"RUA WASHINGTON LUIZ, 855",2
1,18,SESC - CENTRO,"AV. ALBERTO BINS, 665",2
1,21,ESCOLA LA SALLE PÃO DOS POBRES,"RUA DA REPUBLICA, 801",2
1,23,COLEGIO LA SALLE DORES,"RUA RIACHUELO, 800",2
1,31,ESCOLA ESTADUAL ERNESTO DORNELLES,"RUA DUQUE DE CAXIAS,385",2
1,33,ESCOLA ESTADUAL PAULA SOARES,"RUA GENERAL AUTO, 68",2
1,38,UNIVERSIDADE FEDERAL DE CIÊNCIAS DA SAÚDE  DE PORTO ALEGRE,"RUA SARMENTO LEITE, 245",2
1,47,SECRETARIA DA FAZENDA,"AV. SIQUEIRA CAMPOS, 1044",2
1,60,COLEGIO BOM JESUS - SEVIGNE,"RUA DUQUE DE CAXIAS,1443",2
1,64,ESTÁCIO / FARGS - FACULDADES RIO-GRANDENSES,"RUA MARECHAL FLORIANO PEIXOTO, 626",2
1,67,ESCOLA ESTADUAL CANDIDO PORTINARI,"RUA MUCIO TEIXEIRA, 252",2
1,71,ESCOLA DE ADMINISTRACAO DA UFRGS,"RUA WASHINGTON LUIZ, 855",2
1,73,ESCOLA ESTADUAL PROTASIO ALVES,"AV. IPIRANGA, 1090",2
1,79,ESCOLA ESTADUAL AFONSO EMILIO MASSOT,"RUA JOSE HONORATO DOS SANTOS, 101",2
1,81,ESCOLA ESTADUAL PRESIDENTE ROOSEVELT,"RUA BOTAFOGO, 396",2
1,82,ESCOLA LA SALLE PÃO DOS POBRES (SEÇÕES OLINTHO DE OLIVEIRA),"RUA DA REPUBLICA, 801",2
1,94,ESTÁCIO / FARGS - FACULDADES RIO-GRANDENSES,"RUA MARECHAL FLORIANO PEIXOTO, 626",2
1,103,FACULDADE DE DIREITO - UFRGS,"AV. JOAO PESSOA, 80",2
1,104,SENAC,"RUA CORONEL GENUINO, 130",2
1,105,PALACIO DO MIN. PUBLICO - FORTE APACHE,"RUA JERONIMO COELHO, 23",2
1,107,ESCOLA ESTADUAL PROTASIO ALVES,"AV. IPIRANGA, 1090",2
1,108,ESCOLA ESTADUAL PRESIDENTE ROOSEVELT,"RUA BOTAFOGO, 396",2
1,116,ESCOLA TECNICA ESTADUAL PAROBÉ,"AVENIDA LOUREIRO DA SILVA, 945",2
1,119,ESCOLA LA SALLE PÃO DOS POBRES (SEÇÕES OLINTHO DE OLIVEIRA),"RUA DA REPUBLICA, 801",2
1,121,COLEGIO BOM JESUS - SEVIGNE,"RUA DUQUE DE CAXIAS,1443",2
1,122,ESCOLA ESTADUAL MANÉ GARRINCHA,"AV. ÉRICO VERÍSSIMO, 1255",2
1,124,ESCOLA ESTADUAL INFANTE DOM HENRIQUE,"RUA GONCALVES DIAS, 1022",2
1,127,INSTITUTO DE ARTES DA UFRGS,"RUA SENHOR DOS PASSOS, 248",2
1,128,ESCOLA ESTADUAL PRESIDENTE ROOSEVELT,"RUA BOTAFOGO, 396",2
1,134,ESCOLA ESTADUAL AFONSO EMILIO MASSOT,"RUA JOSE HONORATO DOS SANTOS, 101",2
1,135,SENAC - TECH,"AV. VENANCIO AIRES, 93",2
1,139,PALACIO DO MIN. PUBLICO - FORTE APACHE,"RUA JERONIMO COELHO, 23",2
1,142,TRIBUNAL DE JUSTICA DO RS - PALACIO,"PRACA DA MATRIZ, 55",2
1,146,ESCOLA ESTADUAL ERNESTO DORNELLES,"RUA DUQUE DE CAXIAS,385",2
1,158,ESCOLA ESTADUAL LEOPOLDA BARNEWITZ,"RUA JOAO ALFREDO, 443",2
1,164,ESCOLA ESTADUAL MANÉ GARRINCHA,"AV. ÉRICO VERÍSSIMO, 1255",2
1,165,ESCOLA ESTADUAL DUQUE DE CAXIAS,"RUA GENERAL CALDWELL, 1175",2
1,168,ESCOLA ESTADUAL INFANTE DOM HENRIQUE,"RUA GONCALVES DIAS, 1022",2
1,170,ESCOLA ESTADUAL PRESIDENTE ROOSEVELT,"RUA BOTAFOGO, 396",2
1,171,ESCOLA ESTADUAL ERNESTO DORNELLES,"RUA DUQUE DE CAXIAS,385",2
1,173,PALACIO DO MIN. PUBLICO - FORTE APACHE,"RUA JERONIMO COELHO, 23",2
1,175,COLEGIO LA SALLE DORES,"RUA RIACHUELO, 800",2
1,176,FORO TRABALHISTA DE PORTO ALEGRE,"AV. PRAIA DE BELAS, 1432",2
1,177,FACULDADE DE CIENCIAS ECONOMICAS - UFRGS,"AV. JOAO PESSOA, 52",2
1,183,ESCOLA ESTADUAL PAULA SOARES,"RUA GENERAL AUTO, 68",2
1,186,COLEGIO LA SALLE DORES,"RUA RIACHUELO, 800",2
1,187,FACULDADE DE DIREITO - UFRGS,"AV. JOAO PESSOA, 80",2
1,188,ESCOLA ESTADUAL PAULA SOARES,"RUA GENERAL AUTO, 68",2
1,190,INSTITUTO DE ARTES DA UFRGS,"RUA SENHOR DOS PASSOS, 248",2
1,191,SENAC - TECH,"AV. VENANCIO AIRES, 93",2
1,193,ESCOLA ESTADUAL PRESIDENTE ROOSEVELT,"RUA BOTAFOGO, 396",2
1,197,TRIBUNAL DE JUSTICA DO RS - PALACIO,"PRACA DA MATRIZ, 55",2
1,200,ESCOLA ESTADUAL AFONSO EMILIO MASSOT,"RUA JOSE HONORATO DOS SANTOS, 101",2
1,203,ESCOLA ESTADUAL INFANTE DOM HENRIQUE,"RUA GONCALVES DIAS, 1022",2
1,208,COLEGIO BOM JESUS - SEVIGNE,"RUA DUQUE DE CAXIAS,1443",2
1,220,ESCOLA ESTADUAL OSCAR SCHMITT - I.DAS FLORES,"RUA DO PESCADOR, 690 - ILHA DAS FLORES",2
1,223,ESCOLA ESTADUAL PRESIDENTE ROOSEVELT,"RUA BOTAFOGO, 396",2
1,224,INSS,"RUA JERONIMO COELHO, 127",2
1,226,ESCOLA DE ADMINISTRACAO DA UFRGS,"RUA WASHINGTON LUIZ, 855",2
1,228,ESCOLA ESTADUAL PROTASIO ALVES,"AV. IPIRANGA, 1090",2
1,233,ESCOLA ESTADUAL PRESIDENTE ROOSEVELT,"RUA BOTAFOGO, 396",2
1,236,ESCOLA ESTADUAL MANÉ GARRINCHA,"AV. ÉRICO VERÍSSIMO, 1255",2
1,237,FACULDADE DE DIREITO - UFRGS,"AV. JOAO PESSOA, 80",2
1,242,ESCOLA ESTADUAL RIO DE JANEIRO,"RUA GENERAL LIMA E SILVA, 400",2
1,247,ESCOLA DE ADMINISTRACAO DA UFRGS,"RUA WASHINGTON LUIZ, 855",2
1,248,ESCOLA ESTADUAL LEOPOLDA BARNEWITZ,"RUA JOAO ALFREDO, 443",2
1,250,INSTITUTO IMACULADO CORACAO DE MARIA,"RUA RIACHUELO, 508",2
1,255,ESCOLA LA SALLE PÃO DOS POBRES (SEÇÕES OLINTHO DE OLIVEIRA),"RUA DA REPUBLICA, 801",2
1,257,ESCOLA ESTADUAL INFANTE DOM HENRIQUE,"RUA GONCALVES DIAS, 1022",2
1,262,ESCOLA ESTADUAL INFANTE DOM HENRIQUE,"RUA GONCALVES DIAS, 1022",2
1,263,ESTÁCIO / FARGS - FACULDADES RIO-GRANDENSES,"RUA MARECHAL FLORIANO PEIXOTO, 626",2
1,267,ESCOLA ESTADUAL MARECHAL FLORIANO PEIXOTO,"RUA COMENDADOR CORUJA, 315",2
1,274,ESCOLA ESTADUAL MARECHAL FLORIANO PEIXOTO,"RUA COMENDADOR CORUJA, 315",2
1,283,SALAO PAROQUIAL DA IGREJA  NOSSA SENHORA DA POMPEIA,"RUA BARROS CASSAL, 220",2
1,286,SALAO PAROQUIAL DA IGREJA  NOSSA SENHORA DA POMPEIA,"RUA BARROS CASSAL, 220",2
1,287,SALAO PAROQUIAL DA IGREJA  NOSSA SENHORA DA POMPEIA,"RUA BARROS CASSAL, 220",2
1,293,ESCOLA ESTADUAL INACIO MONTANHA,"AV. JOAO PESSOA, 2125",2
1,295,ESCOLA SÃO FRANCISCO - MENINO DEUS,"PRACA MENINO DEUS, 77",2
1,313,TRIBUNAL DE JUSTICA DO RS - PALACIO,"PRACA DA MATRIZ, 55",2
1,314,FORO TRABALHISTA DE PORTO ALEGRE,"AV. PRAIA DE BELAS, 1432",2
1,315,TRT - TRIBUNAL REGIONAL DO TRABALHO,"AV.  PRAIA DE BELAS, 1100",2
1,317,ESCOLA ESTADUAL PRESIDENTE ROOSEVELT,"RUA BOTAFOGO, 396",2
1,1,SENAC - TECH,"AV. VENANCIO AIRES, 93",1
1,8,ESCOLA ESTADUAL PROTASIO ALVES,"AV. IPIRANGA, 1090",1
1,9,ESCOLA ESTADUAL AFONSO EMILIO MASSOT,"RUA JOSE HONORATO DOS SANTOS, 101",1
1,25,INSTITUTO IMACULADO CORACAO DE MARIA,"RUA RIACHUELO, 508",1
1,26,ESCOLA LA SALLE PÃO DOS POBRES (SEÇÕES OLINTHO DE OLIVEIRA),"RUA DA REPUBLICA, 801",1
1,27,ESCOLA ESTADUAL DUQUE DE CAXIAS,"RUA GENERAL CALDWELL, 1175",1
1,29,FACULDADE DE CIENCIAS ECONOMICAS - UFRGS,"AV. JOAO PESSOA, 52",1
1,34,FORO TRABALHISTA DE PORTO ALEGRE,"AV. PRAIA DE BELAS, 1432",1
1,40,ESCOLA ESTADUAL INFANTE DOM HENRIQUE,"RUA GONCALVES DIAS, 1022",1
1,41,INSS,"RUA JERONIMO COELHO, 127",1
1,44,ESTÁCIO / FARGS - FACULDADES RIO-GRANDENSES,"RUA MARECHAL FLORIANO PEIXOTO, 626",1
1,45,SESC - CENTRO,"AV. ALBERTO BINS, 665",1
1,48,FORO TRABALHISTA DE PORTO ALEGRE,"AV. PRAIA DE BELAS, 1432",1
1,49,SECRETARIA DA FAZENDA,"AV. SIQUEIRA CAMPOS, 1044",1
1,50,COLEGIO LA SALLE DORES,"RUA RIACHUELO, 800",1
1,52,ESCOLA TECNICA ESTADUAL PAROBÉ,"AVENIDA LOUREIRO DA SILVA, 945",1
1,55,ESCOLA DELTA,AVENIDA PRESIDENTE VARGAS 1650,1
1,58,ESCOLA DELTA,AVENIDA PRESIDENTE VARGAS 1650,1
1,61,ESCOLA ESTADUAL ERNESTO DORNELLES,"RUA DUQUE DE CAXIAS,385",1
1,65,ESCOLA LA SALLE PÃO DOS POBRES,"RUA DA REPUBLICA, 801",1
1,66,ESCOLA ESTADUAL PRESIDENTE ROOSEVELT,"RUA BOTAFOGO, 396",1
1,69,PALACIO DO MIN. PUBLICO - FORTE APACHE,"RUA JERONIMO COELHO, 23",1
1,75,ESCOLA LA SALLE PÃO DOS POBRES,"RUA DA REPUBLICA, 801",1
1,78,INSTITUTO IMACULADO CORACAO DE MARIA,"RUA RIACHUELO, 508",1
1,84,ESCOLA ESTADUAL CANDIDO PORTINARI,"RUA MUCIO TEIXEIRA, 252",1
1,88,INSTITUTO DE ARTES DA UFRGS,"RUA SENHOR DOS PASSOS, 248",1
1,89,COLEGIO BOM JESUS - SEVIGNE,"RUA DUQUE DE CAXIAS,1443",1
1,91,ESCOLA ESTADUAL RIO DE JANEIRO,"RUA GENERAL LIMA E SILVA, 400",1
1,93,COLEGIO LA SALLE DORES,"RUA RIACHUELO, 800",1
1,96,ESCOLA ESTADUAL CANDIDO PORTINARI,"RUA MUCIO TEIXEIRA, 252",1
1,98,FACULDADE DE CIENCIAS ECONOMICAS - UFRGS,"AV. JOAO PESSOA, 52",1
1,106,FORO TRABALHISTA DE PORTO ALEGRE,"AV. PRAIA DE BELAS, 1432",1
1,111,SENAC - TECH,"AV. VENANCIO AIRES, 93",1
1,113,TRT - TRIBUNAL REGIONAL DO TRABALHO,"AV.  PRAIA DE BELAS, 1100",1
1,120,ESCOLA MÃE ADMIRÁVEL,RUA BARONESA DO GRAVATAÍ 165,1
1,123,COLEGIO LA SALLE DORES,"RUA RIACHUELO, 800",1
1,125,ESCOLA ESTADUAL ERNESTO DORNELLES,"RUA DUQUE DE CAXIAS,385",1
1,126,TRIBUNAL DE CONTAS DO ESTADO,"RUA 7 DE SETEMBRO, 388",1
1,129,ESCOLA ESTADUAL PAULA SOARES,"RUA GENERAL AUTO, 68",1
1,130,INSTITUTO DE ARTES DA UFRGS,"RUA SENHOR DOS PASSOS, 248",1
1,137,ESCOLA ESTADUAL PAULA SOARES,"RUA GENERAL AUTO, 68",1
1,143,SESC - CENTRO,"AV. ALBERTO BINS, 665",1
1,149,ESCOLA ESTADUAL PROTASIO ALVES,"AV. IPIRANGA, 1090",1
1,152,UNIVERSIDADE FEDERAL DE CIÊNCIAS DA SAÚDE  DE PORTO ALEGRE,"RUA SARMENTO LEITE, 245",1
1,154,SENAC,"RUA CORONEL GENUINO, 130",1
1,157,SENAC,"RUA CORONEL GENUINO, 130",1
1,161,SENAC - TECH,"AV. VENANCIO AIRES, 93",1
1,163,COLEGIO LA SALLE DORES,"RUA RIACHUELO, 800",1
1,172,ESCOLA LA SALLE PÃO DOS POBRES (SEÇÕES OLINTHO DE OLIVEIRA),"RUA DA REPUBLICA, 801",1
1,174,ESCOLA MÃE ADMIRÁVEL,RUA BARONESA DO GRAVATAÍ 165,1
1,178,ESCOLA ESTADUAL RIO DE JANEIRO,"RUA GENERAL LIMA E SILVA, 400",1
1,192,ESCOLA ESTADUAL CANDIDO PORTINARI,"RUA MUCIO TEIXEIRA, 252",1
1,195,ESCOLA ESTADUAL LEOPOLDA BARNEWITZ,"RUA JOAO ALFREDO, 443",1
1,196,ESCOLA ESTADUAL PROTASIO ALVES,"AV. IPIRANGA, 1090",1
1,199,ESCOLA ESTADUAL MANÉ GARRINCHA,"AV. ÉRICO VERÍSSIMO, 1255",1
1,202,ESCOLA ESTADUAL DUQUE DE CAXIAS,"RUA GENERAL CALDWELL, 1175",1
1,209,ESCOLA ESTADUAL ERNESTO DORNELLES,"RUA DUQUE DE CAXIAS,385",1
1,210,ESCOLA MÃE ADMIRÁVEL,RUA BARONESA DO GRAVATAÍ 165,1
1,212,SECRETARIA DA FAZENDA,"AV. SIQUEIRA CAMPOS, 1044",1
1,217,ESCOLA ESTADUAL PROTASIO ALVES,"AV. IPIRANGA, 1090",1
1,219,FORO TRABALHISTA DE PORTO ALEGRE,"AV. PRAIA DE BELAS, 1432",1
1,222,ESCOLA LA SALLE PÃO DOS POBRES (SEÇÕES OLINTHO DE OLIVEIRA),"RUA DA REPUBLICA, 801",1
1,225,ESCOLA ESTADUAL INFANTE DOM HENRIQUE,"RUA GONCALVES DIAS, 1022",1
1,229,ESCOLA LA SALLE PÃO DOS POBRES (SEÇÕES OLINTHO DE OLIVEIRA),"RUA DA REPUBLICA, 801",1
1,230,SECRETARIA DA FAZENDA,"AV. SIQUEIRA CAMPOS, 1044",1
1,235,ESCOLA DELTA,AVENIDA PRESIDENTE VARGAS 1650,1
1,239,FACULDADE DE CIENCIAS ECONOMICAS - UFRGS,"AV. JOAO PESSOA, 52",1
1,245,ESCOLA ESTADUAL INFANTE DOM HENRIQUE,"RUA GONCALVES DIAS, 1022",1
1,254,ESCOLA ESTADUAL AFONSO EMILIO MASSOT,"RUA JOSE HONORATO DOS SANTOS, 101",1
1,256,ESCOLA MÃE ADMIRÁVEL,RUA BARONESA DO GRAVATAÍ 165,1
1,259,ESCOLA ESTADUAL MARIA JOSE MABILDE - I.PINTADA,"AV.PRES.VARGAS,129(ANTIGA RUA N.SRA DA BOA VIAGEM,300) ILHA DA PINTADA",1
1,269,ESCOLA ESTADUAL MARECHAL FLORIANO PEIXOTO,"RUA COMENDADOR CORUJA, 315",1
1,272,ESCOLA ESTADUAL MARECHAL FLORIANO PEIXOTO,"RUA COMENDADOR CORUJA, 315",1
1,275,ESCOLA ESTADUAL MARECHAL FLORIANO PEIXOTO,"RUA COMENDADOR CORUJA, 315",1
1,288,SALAO PAROQUIAL DA IGREJA  NOSSA SENHORA DA POMPEIA,"RUA BARROS CASSAL, 220",1
1,290,ESCOLA ESTADUAL INACIO MONTANHA,"AV. JOAO PESSOA, 2125",1
1,296,ESCOLA SÃO FRANCISCO - MENINO DEUS,"PRACA MENINO DEUS, 77",1
1,298,ESCOLA SÃO FRANCISCO - MENINO DEUS,"PRACA MENINO DEUS, 77",1
1,302,ESCOLA SÃO FRANCISCO - MENINO DEUS,"PRACA MENINO DEUS, 77",1
1,304,ESCOLA SÃO FRANCISCO - MENINO DEUS,"PRACA MENINO DEUS, 77",1
1,306,ESCOLA ESTADUAL EUCLIDES DA CUNHA,"RUA BARAO DO CERRO LARGO, 385",1
1,307,ESCOLA ESTADUAL EUCLIDES DA CUNHA,"RUA BARAO DO CERRO LARGO, 385",1
1,308,ESCOLA ESTADUAL EUCLIDES DA CUNHA,"RUA BARAO DO CERRO LARGO, 385",1
1,311,ESCOLA ESTADUAL EUCLIDES DA CUNHA,"RUA BARAO DO CERRO LARGO, 385",1
1,318,COLEGIO ROMANO SANTA MARTA,"RUA MARCILIO DIAS, 1201",1
1,319,SENAC,"RUA CORONEL GENUINO, 130",1
1,320,COLEGIO BOM JESUS - SEVIGNE,"RUA DUQUE DE CAXIAS,1443",1
1,321,ESCOLA ESTADUAL RIO DE JANEIRO,"RUA GENERAL LIMA E SILVA, 400",1
2,15,ASSOCIACAO LEOPOLDINA JUVENIL,"RUA MARQUES DO HERVAL, 280",9
2,92,NÚCLEO DE EDUCAÇÃO DARCY VARGAS,"AV. JOAO PESSOA, 1070",8
2,159,COLEGIO MARISTA SAO PEDRO,"RUA ALVARO CHAVES, 601",8
2,49,INSTITUTO METODISTA DE EDUCACAO E CULTURA,"RUA LAURO DE OLIVEIRA, 71",7
2,122,ESCOLA ESTADUAL SAO FRANCISCO DE ASSIS,"AV. PRINCESA ISABEL, 1160",7
2,291,ESCOLA ESTADUAL DALTRO FILHO,"AV. AMÉRICA, 145",7
2,305,COLEGIO LEONARDO DA VINCI - ALFA,"RUA CABRAL, 555",7
2,12,INSTITUTO SÃO FRANCISCO  SANTA FAMILIA,"AV. PARA, 833",6
2,87,GREMIO NAUTICO UNIAO,"RUA QUINTINO BOCAIUVA, 500",6
2,89,ESCOLA TECNICA ESTADUAL IRMAO PEDRO,"RUA FELIX DA CUNHA, 515",6
2,150,GREMIO NAUTICO UNIAO,"RUA QUINTINO BOCAIUVA, 500",6
2,162,INSTITUTO ESTADUAL RIO BRANCO,"AV. PROTASIO ALVES, 999",6
2,221,ESCOLA ESTADUAL ILDEFONSO GOMES,"RUA LUIZ MANOEL, 02",6
2,250,COLEGIO NOSSA SENHORA DO BOM CONSELHO,"RUA RAMIRO BARCELOS, 996",6
2,8,INSTITUTO ESTADUAL RIO BRANCO,"AV. PROTASIO ALVES, 999",5
2,18,COLEGIO MARISTA NOSSA SENHORA DO ROSARIO,"PRACA DOM SEBASTIAO, 02",5
2,22,COLEGIO BATISTA,"AV. CRISTOVAO COLOMBO, 1098",5
2,47,NÚCLEO DE EDUCAÇÃO DARCY VARGAS,"AV. JOAO PESSOA, 1070",5
2,55,ESCOLA TECNICA ESTADUAL IRMAO PEDRO,"RUA FELIX DA CUNHA, 515",5
2,78,ASSOCIACAO LEOPOLDINA JUVENIL,"RUA MARQUES DO HERVAL, 280",5
2,117,COLEGIO ISRAELITA BRASILEIRO,"AV. PROTASIO ALVES, 943",5
2,142,ESCOLA ESTADUAL ILDEFONSO GOMES,"RUA LUIZ MANOEL, 02",5
2,148,ESCOLA ESTADUAL URUGUAI,"TRAVESSA ANGUSTURA, S/N",5
2,151,COLEGIO BATISTA,"AV. CRISTOVAO COLOMBO, 1098",5
2,156,ESCOLA ESTADUAL OLEGARIO MARIANO,"RUA OLINDA, 99",5
2,218,COLEGIO BATISTA,"AV. CRISTOVAO COLOMBO, 1098",5
2,223,ESCOLA ESTADUAL SAO FRANCISCO DE ASSIS,"AV. PRINCESA ISABEL, 1160",5
2,239,IMED / ATITUS,"RUA DONA LAURA, 1020",5
2,243,ESCOLA DE APLICACAO DINAH NERI PEREIRA,"AV. JOSE BONIFACIO, 497",5
2,276,ESCOLA ESTADUAL BRASÍLIA,"RUA DONA MARGARIDA, 1199",5
2,279,ESCOLA ESTADUAL BRASÍLIA,"RUA DONA MARGARIDA, 1199",5
2,282,COLÉGIO JOÃO PAULO I,"RUA SÃO FRANCISCO DA CALIFÓRNIA, 90",5
2,298,CLUBE CAIXEIROS VIAJANTES,"RUA DONA LAURA, 646",5
2,300,COLEGIO LEONARDO DA VINCI - ALFA,"RUA CABRAL, 555",5
2,312,SALÃO PAROQUIAL IGREJA SÃO SEBASTIÃO,"AV. CAÇAPAVA, 251",5
2,316,INSS - UNIDADE REABILITACAO PROFISSIONAL,"AV. BENTO GONCALVES, 867",5
2,324,ESCOLA ESTADUAL GABRIELA MISTRAL,"RUA CARLOS PESSOA DE BRUM, 150",5
2,327,ESCOLA ESTADUAL GABRIELA MISTRAL,"RUA CARLOS PESSOA DE BRUM, 150",5
2,362,SALAO PAROQUIAL IGREJA CORAÇÃO DE JESUS,"RUA CORONEL MANOEL PY, 82",5
2,1,COLEGIO LEONARDO DA VINCI - ALFA,"RUA CABRAL, 555",4
2,9,COLEGIO NOSSA SENHORA DO BOM CONSELHO,"RUA RAMIRO BARCELOS, 996",4
2,10,COLEGIO NOSSA SENHORA DO BOM CONSELHO,"RUA RAMIRO BARCELOS, 996",4
2,13,ESCOLA ESTADUAL BRANCA DIVA PEREIRA DE SOUZA,"AV. SAO PAULO, 1020",4
2,19,ESCOLA ESTADUAL SOUZA LOBO,"AV. BAHIA, 948",4
2,24,COLEGIO MARISTA NOSSA SENHORA DO ROSARIO,"PRACA DOM SEBASTIAO, 02",4
2,27,CIRCULO SOCIAL ISRAELITA,"RUA JOAO TELES, 508",4
2,37,ESCOLA ESTADUAL ENSINO MEDIO ANNE FRANK,"RUA CAUDURO, 238",4
2,38,COLEGIO ISRAELITA BRASILEIRO,"AV. PROTASIO ALVES, 943",4
2,52,INSTITUTO METODISTA DE EDUCACAO E CULTURA,"RUA LAURO DE OLIVEIRA, 71",4
2,54,CENTRO MUNICIPAL DE EDUCAÇÃO TRABALHADORES - PAULO FREIRE,"RUA SANTA TERESINHA, 572",4
2,68,CIRCULO SOCIAL ISRAELITA,"RUA JOAO TELES, 508",4
2,71,COLEGIO ISRAELITA BRASILEIRO,"AV. PROTASIO ALVES, 943",4
2,72,COLEGIO NOSSA SENHORA DO BOM CONSELHO,"RUA RAMIRO BARCELOS, 996",4
2,83,INSTITUTO ESTADUAL RIO BRANCO,"AV. PROTASIO ALVES, 999",4
2,86,INSTITUTO METODISTA DE EDUCACAO E CULTURA,"RUA LAURO DE OLIVEIRA, 71",4
2,94,COLEGIO ESTADUAL JULIO DE CASTILHOS,"AV. PIRATINI, 76",4
2,134,COLÉGIO CONCÓRDIA,"AV. PRESIDENTE FRANKLIN ROOSEVELT, 770",4
2,176,COLEGIO LEONARDO DA VINCI - ALFA,"RUA CABRAL, 555",4
2,178,COLEGIO NOSSA SENHORA DO BOM CONSELHO,"RUA RAMIRO BARCELOS, 996",4
2,189,ESCOLA ESTADUAL ENSINO MEDIO ANNE FRANK,"RUA CAUDURO, 238",4
2,192,NÚCLEO DE EDUCAÇÃO DARCY VARGAS,"AV. JOAO PESSOA, 1070",4
2,194,ESCOLA ESTADUAL ENSINO MEDIO ANNE FRANK,"RUA CAUDURO, 238",4
2,201,COLEGIO VICENTINO SANTA CECILIA,"RUA FELIPE DE OLIVEIRA, 448",4
2,207,COLEGIO BATISTA,"AV. CRISTOVAO COLOMBO, 1098",4
2,211,COLEGIO MARISTA NOSSA SENHORA DO ROSARIO,"PRACA DOM SEBASTIAO, 02",4
2,226,ASSOCIACAO LEOPOLDINA JUVENIL,"RUA MARQUES DO HERVAL, 280",4
2,232,ASSOCIACAO LEOPOLDINA JUVENIL,"RUA MARQUES DO HERVAL, 280",4
2,235,COLEGIO BATISTA,"AV. CRISTOVAO COLOMBO, 1098",4
2,245,ESCOLA ESTADUAL SAO FRANCISCO DE ASSIS,"AV. PRINCESA ISABEL, 1160",4
2,248,CENTRO MUNICIPAL DE EDUCAÇÃO TRABALHADORES - PAULO FREIRE,"RUA SANTA TERESINHA, 572",4
2,253,COLEGIO ISRAELITA BRASILEIRO,"AV. PROTASIO ALVES, 943",4
2,255,ASSOCIACAO LEOPOLDINA JUVENIL,"RUA MARQUES DO HERVAL, 280",4
2,277,ESCOLA ESTADUAL BRASÍLIA,"RUA DONA MARGARIDA, 1199",4
2,281,ESCOLA ESTADUAL BRASÍLIA,"RUA DONA MARGARIDA, 1199",4
2,290,ESCOLA ESTADUAL DALTRO FILHO,"AV. AMÉRICA, 145",4
2,292,ESCOLA ESTADUAL DALTRO FILHO,"AV. AMÉRICA, 145",4
2,296,CLUBE CAIXEIROS VIAJANTES,"RUA DONA LAURA, 646",4
2,297,CLUBE CAIXEIROS VIAJANTES,"RUA DONA LAURA, 646",4
2,302,COLEGIO LEONARDO DA VINCI - ALFA,"RUA CABRAL, 555",4
2,303,COLEGIO LEONARDO DA VINCI - ALFA,"RUA CABRAL, 555",4
2,307,SALÃO PAROQUIAL IGREJA SÃO SEBASTIÃO,"AV. CAÇAPAVA, 251",4
2,308,SALÃO PAROQUIAL IGREJA SÃO SEBASTIÃO,"AV. CAÇAPAVA, 251",4
2,310,SALÃO PAROQUIAL IGREJA SÃO SEBASTIÃO,"AV. CAÇAPAVA, 251",4
2,314,SALÃO PAROQUIAL IGREJA SÃO SEBASTIÃO,"AV. CAÇAPAVA, 251",4
2,325,ESCOLA ESTADUAL GABRIELA MISTRAL,"RUA CARLOS PESSOA DE BRUM, 150",4
2,332,ESCOLA ESTADUAL APELES PORTO ALEGRE,"RUA SAO MANOEL, 1981",4
2,335,ESCOLA ESTADUAL APELES PORTO ALEGRE,"RUA SAO MANOEL, 1981",4
2,338,ESCOLA ESTADUAL APELES PORTO ALEGRE,"RUA SAO MANOEL, 1981",4
2,342,ESCOLA ESTADUAL APELES PORTO ALEGRE,"RUA SAO MANOEL, 1981",4
2,343,ESCOLA ESTADUAL ENS FUNDAMENTAL MEDIANEIRA,"RUA GENERAL GOMES CARNEIRO, 45",4
2,366,ESCOLA ESTADUAL ENS FUNDAMENTAL MEDIANEIRA,"RUA GENERAL GOMES CARNEIRO, 45",4
2,378,COLEGIO MARISTA SAO PEDRO,"RUA ALVARO CHAVES, 601",4
2,42,COLEGIO BATISTA,"AV. CRISTOVAO COLOMBO, 1098",3
2,43,ESCOLA ESTADUAL URUGUAI,"TRAVESSA ANGUSTURA, S/N",3
2,44,ESCOLA ESTADUAL CAMILA FURTADO ALVES,"RUA ALMIRANTE BARROSO, 79",3
2,46,ESCOLA ESTADUAL SOUZA LOBO,"AV. BAHIA, 948",3
2,51,ESCOLA ESTADUAL ENSINO MEDIO ANNE FRANK,"RUA CAUDURO, 238",3
2,63,COLEGIO MARISTA NOSSA SENHORA DO ROSARIO,"PRACA DOM SEBASTIAO, 02",3
2,64,CENTRO MUNICIPAL DE EDUCAÇÃO TRABALHADORES - PAULO FREIRE,"RUA SANTA TERESINHA, 572",3
2,73,COLEGIO MARISTA NOSSA SENHORA DO ROSARIO,"PRACA DOM SEBASTIAO, 02",3
2,81,COLEGIO NOSSA SENHORA DO BOM CONSELHO,"RUA RAMIRO BARCELOS, 996",3
2,82,COLEGIO ESTADUAL JULIO DE CASTILHOS,"AV. PIRATINI, 76",3
2,90,COLEGIO ISRAELITA BRASILEIRO,"AV. PROTASIO ALVES, 943",3
2,97,ESCOLA ESTADUAL URUGUAI,"TRAVESSA ANGUSTURA, S/N",3
2,101,COLEGIO NOSSA SENHORA DO BOM CONSELHO,"RUA RAMIRO BARCELOS, 996",3
2,114,COLEGIO ESTADUAL JULIO DE CASTILHOS,"AV. PIRATINI, 76",3
2,115,ESCOLA ESTADUAL ENSINO MEDIO ANNE FRANK,"RUA CAUDURO, 238",3
2,125,ESCOLA DE APLICACAO DINAH NERI PEREIRA,"AV. JOSE BONIFACIO, 497",3
2,128,COLEGIO ESTADUAL JULIO DE CASTILHOS,"AV. PIRATINI, 76",3
2,132,COLEGIO LEONARDO DA VINCI - ALFA,"RUA CABRAL, 555",3
2,133,COLEGIO MARISTA NOSSA SENHORA DO ROSARIO,"PRACA DOM SEBASTIAO, 02",3
2,135,ESCOLA TECNICA ESTADUAL IRMAO PEDRO,"RUA FELIX DA CUNHA, 515",3
2,138,INSTITUTO METODISTA DE EDUCACAO E CULTURA,"RUA LAURO DE OLIVEIRA, 71",3
2,152,COLEGIO NOSSA SENHORA DO BOM CONSELHO,"RUA RAMIRO BARCELOS, 996",3
2,154,ESCOLA ESTADUAL ENSINO MEDIO ANNE FRANK,"RUA CAUDURO, 238",3
2,157,INSTITUTO SÃO FRANCISCO  SANTA FAMILIA,"AV. PARA, 833",3
2,166,ESCOLA ESTADUAL SAO FRANCISCO DE ASSIS,"AV. PRINCESA ISABEL, 1160",3
2,169,COLEGIO MARISTA NOSSA SENHORA DO ROSARIO,"PRACA DOM SEBASTIAO, 02",3
2,172,ESCOLA ESTADUAL ILDEFONSO GOMES,"RUA LUIZ MANOEL, 02",3
2,177,ESCOLA ESTADUAL OLEGARIO MARIANO,"RUA OLINDA, 99",3
2,179,ESCOLA ESTADUAL LUCIANA DE ABREU,"RUA JACINTO OSORIO, 60",3
2,184,INSTITUTO METODISTA DE EDUCACAO E CULTURA,"RUA LAURO DE OLIVEIRA, 71",3
2,199,COLEGIO MARISTA NOSSA SENHORA DO ROSARIO,"PRACA DOM SEBASTIAO, 02",3
2,203,ESCOLA ESTADUAL ENSINO MEDIO ANNE FRANK,"RUA CAUDURO, 238",3
2,206,INSTITUTO ESTADUAL RIO BRANCO,"AV. PROTASIO ALVES, 999",3
2,208,COLEGIO MARISTA NOSSA SENHORA DO ROSARIO,"PRACA DOM SEBASTIAO, 02",3
2,219,ESCOLA ESTADUAL URUGUAI,"TRAVESSA ANGUSTURA, S/N",3
2,224,ESCOLA ESTADUAL LUCIANA DE ABREU,"RUA JACINTO OSORIO, 60",3
2,225,COLEGIO MARISTA SAO PEDRO,"RUA ALVARO CHAVES, 601",3
2,229,INSTITUTO METODISTA DE EDUCACAO E CULTURA,"RUA LAURO DE OLIVEIRA, 71",3
2,247,COLEGIO ESTADUAL JULIO DE CASTILHOS,"AV. PIRATINI, 76",3
2,258,INSTITUTO METODISTA DE EDUCACAO E CULTURA,"RUA LAURO DE OLIVEIRA, 71",3
2,263,SENAI VISCONDE DE MAUÁ,"RUA COMENDADOR TAVARES, 436-582",3
2,270,ESCOLA NORMAL 1 DE MAIO,"AV. PRESIDENTE FRANKLIN ROOSEVELT, 149",3
2,272,ESCOLA NORMAL 1 DE MAIO,"AV. PRESIDENTE FRANKLIN ROOSEVELT, 149",3
2,283,COLÉGIO JOÃO PAULO I,"RUA SÃO FRANCISCO DA CALIFÓRNIA, 90",3
2,288,ESCOLA ESTADUAL DALTRO FILHO,"AV. AMÉRICA, 145",3
2,304,COLEGIO LEONARDO DA VINCI - ALFA,"RUA CABRAL, 555",3
2,306,COLEGIO LEONARDO DA VINCI - ALFA,"RUA CABRAL, 555",3
2,313,SALÃO PAROQUIAL IGREJA SÃO SEBASTIÃO,"AV. CAÇAPAVA, 251",3
2,315,INSS - UNIDADE REABILITACAO PROFISSIONAL,"AV. BENTO GONCALVES, 867",3
2,317,INSS - UNIDADE REABILITACAO PROFISSIONAL,"AV. BENTO GONCALVES, 867",3
2,320,INSS - UNIDADE REABILITACAO PROFISSIONAL,"AV. BENTO GONCALVES, 867",3
2,321,INSS - UNIDADE REABILITACAO PROFISSIONAL,"AV. BENTO GONCALVES, 867",3
2,330,ESCOLA ESTADUAL GABRIELA MISTRAL,"RUA CARLOS PESSOA DE BRUM, 150",3
2,333,ESCOLA ESTADUAL APELES PORTO ALEGRE,"RUA SAO MANOEL, 1981",3
2,336,ESCOLA ESTADUAL APELES PORTO ALEGRE,"RUA SAO MANOEL, 1981",3
2,341,ESCOLA ESTADUAL APELES PORTO ALEGRE,"RUA SAO MANOEL, 1981",3
2,345,ESCOLA ESTADUAL ENS FUNDAMENTAL MEDIANEIRA,"RUA GENERAL GOMES CARNEIRO, 45",3
2,347,ESCOLA ESTADUAL ENS FUNDAMENTAL MEDIANEIRA,"RUA GENERAL GOMES CARNEIRO, 45",3
2,350,ESCOLA ESTADUAL ENS FUNDAMENTAL MEDIANEIRA,"RUA GENERAL GOMES CARNEIRO, 45",3
2,352,ESCOLA ESTADUAL ENS FUNDAMENTAL MEDIANEIRA,"RUA GENERAL GOMES CARNEIRO, 45",3
2,355,SALAO PAROQUIAL IGREJA CORAÇÃO DE JESUS,"RUA CORONEL MANOEL PY, 82",3
2,357,SALAO PAROQUIAL IGREJA CORAÇÃO DE JESUS,"RUA CORONEL MANOEL PY, 82",3
2,359,SALÃO PAROQUIAL IGREJA SÃO SEBASTIÃO,"AV. CAÇAPAVA, 251",3
2,360,IMED / ATITUS,"RUA DONA LAURA, 1020",3
2,367,ASSOCIACAO LEOPOLDINA JUVENIL,"RUA MARQUES DO HERVAL, 280",3
2,368,COLEGIO BATISTA,"AV. CRISTOVAO COLOMBO, 1098",3
2,381,INSTITUTO ESTADUAL RIO BRANCO,"AV. PROTASIO ALVES, 999",3
2,387,CONSELHO REGIONAL DE QUÍMICA,"AV. ITAQUI, 45",3
2,388,IMED / ATITUS,"RUA DONA LAURA, 1020",3
2,389,INSTITUTO ESTADUAL DE EDUCACAO GENERAL FLORES DA CUNHA,"AV. OSVALDO ARANHA, 527",3
2,2,COLEGIO NOSSA SENHORA DO BOM CONSELHO,"RUA RAMIRO BARCELOS, 996",2
2,5,ESCOLA ESTADUAL URUGUAI,"TRAVESSA ANGUSTURA, S/N",2
2,17,ESCOLA ESTADUAL SOUZA LOBO,"AV. BAHIA, 948",2
2,25,INSTITUTO SÃO FRANCISCO  SANTA FAMILIA,"AV. PARA, 833",2
2,28,ESCOLA ESTADUAL OLEGARIO MARIANO,"RUA OLINDA, 99",2
2,30,ESCOLA ESTADUAL LUCIANA DE ABREU,"RUA JACINTO OSORIO, 60",2
2,32,ESCOLA ESTADUAL OLEGARIO MARIANO,"RUA OLINDA, 99",2
2,35,ESCOLA ESTADUAL SOUZA LOBO,"AV. BAHIA, 948",2
2,36,ESCOLA ESTADUAL SAO FRANCISCO DE ASSIS,"AV. PRINCESA ISABEL, 1160",2
2,39,COLEGIO NOSSA SENHORA DO BOM CONSELHO,"RUA RAMIRO BARCELOS, 996",2
2,40,COLEGIO ISRAELITA BRASILEIRO,"AV. PROTASIO ALVES, 943",2
2,41,COLEGIO MARISTA SAO PEDRO,"RUA ALVARO CHAVES, 601",2
2,50,ESCOLA DE APLICACAO DINAH NERI PEREIRA,"AV. JOSE BONIFACIO, 497",2
2,58,GREMIO NAUTICO UNIAO,"RUA QUINTINO BOCAIUVA, 500",2
2,59,COLEGIO MARISTA NOSSA SENHORA DO ROSARIO,"PRACA DOM SEBASTIAO, 02",2
2,62,COLÉGIO CONCÓRDIA,"AV. PRESIDENTE FRANKLIN ROOSEVELT, 770",2
2,69,ESCOLA ESTADUAL ENSINO MEDIO ANNE FRANK,"RUA CAUDURO, 238",2
2,74,ESCOLA ESTADUAL URUGUAI,"TRAVESSA ANGUSTURA, S/N",2
2,80,CIRCULO SOCIAL ISRAELITA,"RUA JOAO TELES, 508",2
2,91,COLEGIO NOSSA SENHORA DO BOM CONSELHO,"RUA RAMIRO BARCELOS, 996",2
2,93,ESCOLA DE APLICACAO DINAH NERI PEREIRA,"AV. JOSE BONIFACIO, 497",2
2,96,COLEGIO MARISTA NOSSA SENHORA DO ROSARIO,"PRACA DOM SEBASTIAO, 02",2
2,102,COLEGIO MARISTA NOSSA SENHORA DO ROSARIO,"PRACA DOM SEBASTIAO, 02",2
2,104,ESCOLA ESTADUAL OLEGARIO MARIANO,"RUA OLINDA, 99",2
2,106,INSTITUTO METODISTA DE EDUCACAO E CULTURA,"RUA LAURO DE OLIVEIRA, 71",2
2,109,ASSOCIACAO LEOPOLDINA JUVENIL,"RUA MARQUES DO HERVAL, 280",2
2,111,COLEGIO NOSSA SENHORA DO BOM CONSELHO,"RUA RAMIRO BARCELOS, 996",2
2,121,INSTITUTO ESTADUAL RIO BRANCO,"AV. PROTASIO ALVES, 999",2
2,124,ESCOLA ESTADUAL URUGUAI,"TRAVESSA ANGUSTURA, S/N",2
2,137,ESCOLA ESTADUAL BRANCA DIVA PEREIRA DE SOUZA,"AV. SAO PAULO, 1020",2
2,140,ESCOLA ESTADUAL LUCIANA DE ABREU,"RUA JACINTO OSORIO, 60",2
2,141,NÚCLEO DE EDUCAÇÃO DARCY VARGAS,"AV. JOAO PESSOA, 1070",2
2,144,COLEGIO ESTADUAL JULIO DE CASTILHOS,"AV. PIRATINI, 76",2
2,155,COLEGIO NOSSA SENHORA DO BOM CONSELHO,"RUA RAMIRO BARCELOS, 996",2
2,160,COLEGIO NOSSA SENHORA DO BOM CONSELHO,"RUA RAMIRO BARCELOS, 996",2
2,161,ESCOLA ESTADUAL SOUZA LOBO,"AV. BAHIA, 948",2
2,175,ESCOLA ESTADUAL CAMILA FURTADO ALVES,"RUA ALMIRANTE BARROSO, 79",2
2,180,ASSOCIACAO LEOPOLDINA JUVENIL,"RUA MARQUES DO HERVAL, 280",2
2,187,ESCOLA ESTADUAL ENSINO MEDIO ANNE FRANK,"RUA CAUDURO, 238",2
2,188,ESCOLA ESTADUAL URUGUAI,"TRAVESSA ANGUSTURA, S/N",2
2,190,COLEGIO NOSSA SENHORA DO BOM CONSELHO,"RUA RAMIRO BARCELOS, 996",2
2,196,COLEGIO NOSSA SENHORA DO BOM CONSELHO,"RUA RAMIRO BARCELOS, 996",2
2,204,COLEGIO ESTADUAL JULIO DE CASTILHOS,"AV. PIRATINI, 76",2
2,213,INSTITUTO SÃO FRANCISCO  SANTA FAMILIA,"AV. PARA, 833",2
2,217,GREMIO NAUTICO UNIAO,"RUA QUINTINO BOCAIUVA, 500",2
2,222,CENTRO MUNICIPAL DE EDUCAÇÃO TRABALHADORES - PAULO FREIRE,"RUA SANTA TERESINHA, 572",2
2,228,CENTRO MUNICIPAL DE EDUCAÇÃO TRABALHADORES - PAULO FREIRE,"RUA SANTA TERESINHA, 572",2
2,238,COLEGIO MARISTA NOSSA SENHORA DO ROSARIO,"PRACA DOM SEBASTIAO, 02",2
2,244,COLEGIO VICENTINO SANTA CECILIA,"RUA FELIPE DE OLIVEIRA, 448",2
2,246,COLEGIO ESTADUAL JULIO DE CASTILHOS,"AV. PIRATINI, 76",2
2,249,INSTITUTO ESTADUAL RIO BRANCO,"AV. PROTASIO ALVES, 999",2
2,251,COLEGIO MARISTA NOSSA SENHORA DO ROSARIO,"PRACA DOM SEBASTIAO, 02",2
2,266,SENAI VISCONDE DE MAUÁ,"RUA COMENDADOR TAVARES, 436-582",2
2,273,ESCOLA ESTADUAL BRASÍLIA,"RUA DONA MARGARIDA, 1199",2
2,274,ESCOLA ESTADUAL BRASÍLIA,"RUA DONA MARGARIDA, 1199",2
2,275,ESCOLA ESTADUAL BRASÍLIA,"RUA DONA MARGARIDA, 1199",2
2,278,ESCOLA ESTADUAL BRASÍLIA,"RUA DONA MARGARIDA, 1199",2
2,285,COLÉGIO JOÃO PAULO I,"RUA SÃO FRANCISCO DA CALIFÓRNIA, 90",2
2,289,ESCOLA ESTADUAL DALTRO FILHO,"AV. AMÉRICA, 145",2
2,294,CLUBE CAIXEIROS VIAJANTES,"RUA DONA LAURA, 646",2
2,295,CLUBE CAIXEIROS VIAJANTES,"RUA DONA LAURA, 646",2
2,299,COLEGIO LEONARDO DA VINCI - ALFA,"RUA CABRAL, 555",2
2,301,COLEGIO LEONARDO DA VINCI - ALFA,"RUA CABRAL, 555",2
2,311,SALÃO PAROQUIAL IGREJA SÃO SEBASTIÃO,"AV. CAÇAPAVA, 251",2
2,319,INSS - UNIDADE REABILITACAO PROFISSIONAL,"AV. BENTO GONCALVES, 867",2
2,326,ESCOLA ESTADUAL GABRIELA MISTRAL,"RUA CARLOS PESSOA DE BRUM, 150",2
2,339,ESCOLA ESTADUAL APELES PORTO ALEGRE,"RUA SAO MANOEL, 1981",2
2,348,ESCOLA ESTADUAL ENS FUNDAMENTAL MEDIANEIRA,"RUA GENERAL GOMES CARNEIRO, 45",2
2,349,ESCOLA ESTADUAL ENS FUNDAMENTAL MEDIANEIRA,"RUA GENERAL GOMES CARNEIRO, 45",2
2,351,ESCOLA ESTADUAL ENS FUNDAMENTAL MEDIANEIRA,"RUA GENERAL GOMES CARNEIRO, 45",2
2,353,ESCOLA ESTADUAL ENS FUNDAMENTAL MEDIANEIRA,"RUA GENERAL GOMES CARNEIRO, 45",2
2,361,ESCOLA TECNICA ESTADUAL IRMAO PEDRO,"RUA FELIX DA CUNHA, 515",2
2,364,COLEGIO ISRAELITA BRASILEIRO,"AV. PROTASIO ALVES, 943",2
2,369,COLEGIO ESTADUAL JULIO DE CASTILHOS,"AV. PIRATINI, 76",2
2,377,ESCOLA ESTADUAL DALTRO FILHO,"AV. AMÉRICA, 145",2
2,380,INSTITUTO METODISTA DE EDUCACAO E CULTURA,"RUA LAURO DE OLIVEIRA, 71",2
2,4,COLEGIO ESTADUAL JULIO DE CASTILHOS,"AV. PIRATINI, 76",1
2,7,ESCOLA ESTADUAL ENSINO MEDIO ANNE FRANK,"RUA CAUDURO, 238",1
2,11,ESCOLA ESTADUAL BRANCA DIVA PEREIRA DE SOUZA,"AV. SAO PAULO, 1020",1
2,14,COLÉGIO CONCÓRDIA,"AV. PRESIDENTE FRANKLIN ROOSEVELT, 770",1
2,16,ASSOCIACAO LEOPOLDINA JUVENIL,"RUA MARQUES DO HERVAL, 280",1
2,21,ESCOLA DE APLICACAO DINAH NERI PEREIRA,"AV. JOSE BONIFACIO, 497",1
2,29,COLEGIO NOSSA SENHORA DO BOM CONSELHO,"RUA RAMIRO BARCELOS, 996",1
2,33,ESCOLA ESTADUAL BRANCA DIVA PEREIRA DE SOUZA,"AV. SAO PAULO, 1020",1
2,48,ESCOLA ESTADUAL SAO FRANCISCO DE ASSIS,"AV. PRINCESA ISABEL, 1160",1
2,61,COLÉGIO CONCÓRDIA,"AV. PRESIDENTE FRANKLIN ROOSEVELT, 770",1
2,75,ESCOLA ESTADUAL URUGUAI,"TRAVESSA ANGUSTURA, S/N",1
2,84,COLEGIO LEONARDO DA VINCI - ALFA,"RUA CABRAL, 555",1
2,88,CENTRO MUNICIPAL DE EDUCAÇÃO TRABALHADORES - PAULO FREIRE,"RUA SANTA TERESINHA, 572",1
2,95,COLEGIO BATISTA,"AV. CRISTOVAO COLOMBO, 1098",1
2,100,COLEGIO MARISTA SAO PEDRO,"RUA ALVARO CHAVES, 601",1
2,103,COLEGIO NOSSA SENHORA DO BOM CONSELHO,"RUA RAMIRO BARCELOS, 996",1
2,105,COLEGIO NOSSA SENHORA DO BOM CONSELHO,"RUA RAMIRO BARCELOS, 996",1
2,108,ASSOCIACAO LEOPOLDINA JUVENIL,"RUA MARQUES DO HERVAL, 280",1
2,110,CIRCULO SOCIAL ISRAELITA,"RUA JOAO TELES, 508",1
2,112,ESCOLA ESTADUAL OLEGARIO MARIANO,"RUA OLINDA, 99",1
2,116,COLEGIO ISRAELITA BRASILEIRO,"AV. PROTASIO ALVES, 943",1
2,120,COLEGIO BATISTA,"AV. CRISTOVAO COLOMBO, 1098",1
2,123,INSTITUTO SÃO FRANCISCO  SANTA FAMILIA,"AV. PARA, 833",1
2,129,COLEGIO ESTADUAL JULIO DE CASTILHOS,"AV. PIRATINI, 76",1
2,139,COLEGIO ISRAELITA BRASILEIRO,"AV. PROTASIO ALVES, 943",1
2,143,ESCOLA TECNICA ESTADUAL IRMAO PEDRO,"RUA FELIX DA CUNHA, 515",1
2,145,ESCOLA DE APLICACAO DINAH NERI PEREIRA,"AV. JOSE BONIFACIO, 497",1
2,149,ESCOLA ESTADUAL BRANCA DIVA PEREIRA DE SOUZA,"AV. SAO PAULO, 1020",1
2,153,CENTRO MUNICIPAL DE EDUCAÇÃO TRABALHADORES - PAULO FREIRE,"RUA SANTA TERESINHA, 572",1
2,164,CENTRO MUNICIPAL DE EDUCAÇÃO TRABALHADORES - PAULO FREIRE,"RUA SANTA TERESINHA, 572",1
2,168,ESCOLA ESTADUAL SOUZA LOBO,"AV. BAHIA, 948",1
2,171,COLEGIO NOSSA SENHORA DO BOM CONSELHO,"RUA RAMIRO BARCELOS, 996",1
2,182,COLEGIO VICENTINO SANTA CECILIA,"RUA FELIPE DE OLIVEIRA, 448",1
2,185,ESCOLA TECNICA ESTADUAL IRMAO PEDRO,"RUA FELIX DA CUNHA, 515",1
2,186,ESCOLA ESTADUAL SOUZA LOBO,"AV. BAHIA, 948",1
2,191,CENTRO MUNICIPAL DE EDUCAÇÃO TRABALHADORES - PAULO FREIRE,"RUA SANTA TERESINHA, 572",1
2,193,INSTITUTO METODISTA DE EDUCACAO E CULTURA,"RUA LAURO DE OLIVEIRA, 71",1
2,195,ESCOLA ESTADUAL ENSINO MEDIO ANNE FRANK,"RUA CAUDURO, 238",1
2,200,COLÉGIO CONCÓRDIA,"AV. PRESIDENTE FRANKLIN ROOSEVELT, 770",1
2,202,ESCOLA DE APLICACAO DINAH NERI PEREIRA,"AV. JOSE BONIFACIO, 497",1
2,205,COLEGIO NOSSA SENHORA DO BOM CONSELHO,"RUA RAMIRO BARCELOS, 996",1
2,220,COLEGIO VICENTINO SANTA CECILIA,"RUA FELIPE DE OLIVEIRA, 448",1
2,227,COLEGIO MARISTA NOSSA SENHORA DO ROSARIO,"PRACA DOM SEBASTIAO, 02",1
2,230,CIRCULO SOCIAL ISRAELITA,"RUA JOAO TELES, 508",1
2,231,INSTITUTO ESTADUAL RIO BRANCO,"AV. PROTASIO ALVES, 999",1
2,233,ESCOLA ESTADUAL OLEGARIO MARIANO,"RUA OLINDA, 99",1
2,236,ESCOLA TECNICA ESTADUAL IRMAO PEDRO,"RUA FELIX DA CUNHA, 515",1
2,240,COLEGIO NOSSA SENHORA DO BOM CONSELHO,"RUA RAMIRO BARCELOS, 996",1
2,241,ESCOLA ESTADUAL URUGUAI,"TRAVESSA ANGUSTURA, S/N",1
2,242,CIRCULO SOCIAL ISRAELITA,"RUA JOAO TELES, 508",1
2,252,COLEGIO ESTADUAL JULIO DE CASTILHOS,"AV. PIRATINI, 76",1
2,254,COLEGIO MARISTA NOSSA SENHORA DO ROSARIO,"PRACA DOM SEBASTIAO, 02",1
2,256,CIRCULO SOCIAL ISRAELITA,"RUA JOAO TELES, 508",1
2,259,COLEGIO ESTADUAL JULIO DE CASTILHOS,"AV. PIRATINI, 76",1
2,260,ESCOLA ESTADUAL CANDIDO JOSE DE GODOI,"AV. FRANCA, 400",1
2,261,ESCOLA ESTADUAL CANDIDO JOSE DE GODOI,"AV. FRANCA, 400",1
2,262,ESCOLA ESTADUAL CANDIDO JOSE DE GODOI,"AV. FRANCA, 400",1
2,265,SENAI VISCONDE DE MAUÁ,"RUA COMENDADOR TAVARES, 436-582",1
2,268,ESCOLA NORMAL 1 DE MAIO,"AV. PRESIDENTE FRANKLIN ROOSEVELT, 149",1
2,271,ESCOLA NORMAL 1 DE MAIO,"AV. PRESIDENTE FRANKLIN ROOSEVELT, 149",1
2,280,ESCOLA ESTADUAL BRASÍLIA,"RUA DONA MARGARIDA, 1199",1
2,284,COLÉGIO JOÃO PAULO I,"RUA SÃO FRANCISCO DA CALIFÓRNIA, 90",1
2,286,COLÉGIO JOÃO PAULO I,"RUA SÃO FRANCISCO DA CALIFÓRNIA, 90",1
2,287,ESCOLA ESTADUAL DALTRO FILHO,"AV. AMÉRICA, 145",1
2,293,CLUBE CAIXEIROS VIAJANTES,"RUA DONA LAURA, 646",1
2,322,INSS - UNIDADE REABILITACAO PROFISSIONAL,"AV. BENTO GONCALVES, 867",1
2,323,INSS - UNIDADE REABILITACAO PROFISSIONAL,"AV. BENTO GONCALVES, 867",1
2,329,ESCOLA ESTADUAL GABRIELA MISTRAL,"RUA CARLOS PESSOA DE BRUM, 150",1
2,331,ESCOLA ESTADUAL GABRIELA MISTRAL,"RUA CARLOS PESSOA DE BRUM, 150",1
2,334,ESCOLA ESTADUAL APELES PORTO ALEGRE,"RUA SAO MANOEL, 1981",1
2,337,ESCOLA ESTADUAL APELES PORTO ALEGRE,"RUA SAO MANOEL, 1981",1
2,344,ESCOLA ESTADUAL ENS FUNDAMENTAL MEDIANEIRA,"RUA GENERAL GOMES CARNEIRO, 45",1
2,356,SALAO PAROQUIAL IGREJA CORAÇÃO DE JESUS,"RUA CORONEL MANOEL PY, 82",1
2,358,SALAO PAROQUIAL IGREJA CORAÇÃO DE JESUS,"RUA CORONEL MANOEL PY, 82",1
2,363,ESCOLA ESTADUAL APELES PORTO ALEGRE,"RUA SAO MANOEL, 1981",1
2,365,IMED / ATITUS,"RUA DONA LAURA, 1020",1
2,371,COLEGIO MARISTA NOSSA SENHORA DO ROSARIO,"PRACA DOM SEBASTIAO, 02",1
2,373,ESCOLA ESTADUAL APELES PORTO ALEGRE,"RUA SAO MANOEL, 1981",1
2,375,IMED / ATITUS,"RUA DONA LAURA, 1020",1
2,376,SALÃO PAROQUIAL IGREJA SÃO SEBASTIÃO,"AV. CAÇAPAVA, 251",1
2,379,COLEGIO MARISTA NOSSA SENHORA DO ROSARIO,"PRACA DOM SEBASTIAO, 02",1
2,384,COLEGIO VICENTINO SANTA CECILIA,"RUA FELIPE DE OLIVEIRA, 448",1
2,390,CLUBE CAIXEIROS VIAJANTES,"RUA DONA LAURA, 646",1
111,236,CEASA - PORTO ALEGRE,"AV. FERNANDO FERRARI, 1001",21
111,48,CEASA - PORTO ALEGRE,"AV. FERNANDO FERRARI, 1001",9
111,167,CEASA - PORTO ALEGRE,"AV. FERNANDO FERRARI, 1001",9
111,2,SECRETARIA MUNICIPAL DO MEIO AMBIENTE,AVENIDA CARLOS GOMES N 2120,8
111,40,CASA DO PEQUENO OPERARIO-DOM BOSCO,EDUARDO CHARTTIER N 360,8
111,81,INSTITUTO PIRATINI,EUDORO BERLINK N 632,8
111,188,VISCONDE DE PELOTAS - E.E. DE 1 GRAU,"RUA ARTUR ROCHA, 200",8
111,27,CARLOS RODRIGUES DA SILVA - ESCOLA ESTADUAL,IBIRAPUITA N 65 VILA SESI,7
111,99,CARLOS RODRIGUES DA SILVA - ESCOLA ESTADUAL,IBIRAPUITA N 65 VILA SESI,7
111,114,BAHIA - E.E.E.F.,"RUA ANGELITO ASMUZ AIQUEL,125",7
111,223,SAO JOAO COLEGIO,HONORIO SILVEIRA DIAS N 645,7
111,253,IMPERATRIZ DONA LEOPOLDINA - E.E.E.F.,"AV ITAJAI, 241",7
111,293,COLÉGIO FARROUPILHA,"RUA CARLOS HUBER, 425",7
111,3,SAO JOAO COLEGIO,HONORIO SILVEIRA DIAS N 645,6
111,9,CASA DO PEQUENO OPERARIO-DOM BOSCO,EDUARDO CHARTTIER N 360,6
111,21,INSTITUTO PIRATINI,EUDORO BERLINK N 632,6
111,66,CASA DO PEQUENO OPERARIO-DOM BOSCO,EDUARDO CHARTTIER N 360,6
111,77,SOCIEDADE GINASTICA PORTO ALEGRE,BARAO DE COTEGIPE N 415,6
111,104,PAN AMERICAN SCHOOL (ANTIGO COLÉGIO VERA CRUZ),JOAO OBINO N 110,6
111,117,SECRETARIA MUNICIPAL DO MEIO AMBIENTE,AVENIDA CARLOS GOMES N 2120,6
111,273,SOCIEDADE GINASTICA PORTO ALEGRE,BARAO DE COTEGIPE N 415,6
111,290,COLÉGIO FARROUPILHA,"RUA CARLOS HUBER, 425",6
111,298,ESC. ESTADUAL DE ENSINO FUND. E MÉDIO MONS. LEOPOLDO HOFF,"RUA MOEMA, 255",6
111,307,ESCOLA DE ENSINO FUNDAMENTAL PRUDENTE DE MORAIS,"RUA PRUDENTE DE MORAIS, 57",6
111,336,ESC. ESTADUAL DE ENSINO FUND. E MÉDIO SARMENTO LEITE,"RUA EUGÊNIO DU PASQUIER, 115",6
111,8,PAN AMERICAN SCHOOL (ANTIGO COLÉGIO VERA CRUZ),JOAO OBINO N 110,5
111,17,PASTOR DOHMS GINASIO EVANGELICO,"AMÉRICO VESPÚCIO, 483",5
111,55,SECRETARIA MUNICIPAL DO MEIO AMBIENTE,AVENIDA CARLOS GOMES N 2120,5
111,69,NOSSA SENHORA DO CENACULO - E.E.F.,"VIELA SAO BRAZ , 17",5
111,72,CASA DO PEQUENO OPERARIO-DOM BOSCO,EDUARDO CHARTTIER N 360,5
111,74,PAN AMERICAN SCHOOL (ANTIGO COLÉGIO VERA CRUZ),JOAO OBINO N 110,5
111,80,PAN AMERICAN SCHOOL (ANTIGO COLÉGIO VERA CRUZ),JOAO OBINO N 110,5
111,103,INSTITUTO PIRATINI,EUDORO BERLINK N 632,5
111,106,CASA DO PEQUENO OPERARIO-DOM BOSCO,EDUARDO CHARTTIER N 360,5
111,112,MARIA TEREZA DA SILVEIRA - ESCOLA ESTADUAL,"RUA FURRIEL LUIZ ANTONIO VARGAS , 135",5
111,116,CASA DO PEQUENO OPERARIO-DOM BOSCO,EDUARDO CHARTTIER N 360,5
111,193,ANCHIETA COLEGIO,AVENIDA NILO PEÇANHA N 1521,5
111,205,CARLOS RODRIGUES DA SILVA - ESCOLA ESTADUAL,IBIRAPUITA N 65 VILA SESI,5
111,214,SECRETARIA MUNICIPAL DO MEIO AMBIENTE,AVENIDA CARLOS GOMES N 2120,5
111,220,GONCALVES DIAS - ESCOLA ESTADUAL,CANDIOTA 145,5
111,229,VISCONDE DE PELOTAS - E.E. DE 1 GRAU,"RUA ARTUR ROCHA, 200",5
111,292,COLÉGIO FARROUPILHA,"RUA CARLOS HUBER, 425",5
111,294,COLÉGIO FARROUPILHA,"RUA CARLOS HUBER, 425",5
111,296,ESC. ESTADUAL DE ENSINO FUND. E MÉDIO MONS. LEOPOLDO HOFF,"RUA MOEMA, 255",5
111,300,ESC. ESTADUAL DE ENSINO FUND. E MÉDIO MONS. LEOPOLDO HOFF,"RUA MOEMA, 255",5
111,303,ESC. ESTADUAL DE ENSINO FUND. E MÉDIO MONS. LEOPOLDO HOFF,"RUA MOEMA, 255",5
111,304,ESC. ESTADUAL DE ENSINO FUND. E MÉDIO MONS. LEOPOLDO HOFF,"RUA MOEMA, 255",5
111,309,ESCOLA DE ENSINO FUNDAMENTAL PRUDENTE DE MORAIS,"RUA PRUDENTE DE MORAIS, 57",5
111,312,ESCOLA DE ENSINO FUNDAMENTAL PRUDENTE DE MORAIS,"RUA PRUDENTE DE MORAIS, 57",5
111,314,ESCOLA DE ENSINO FUNDAMENTAL PRUDENTE DE MORAIS,"RUA PRUDENTE DE MORAIS, 57",5
111,323,ESC. ESTADUAL DE ENSINO FUND. AURÉLIO REIS,"RUA MONTE ALEGRE, 119",5
111,7,RECANTO DA ALEGRIA E.E.E (ANT. POSTAO),"R. VALENTIM VICENTINI, 225",4
111,23,RECANTO DA ALEGRIA E.E.E (ANT. POSTAO),"R. VALENTIM VICENTINI, 225",4
111,63,CARLOS RODRIGUES DA SILVA - ESCOLA ESTADUAL,IBIRAPUITA N 65 VILA SESI,4
111,71,ANCHIETA COLEGIO,AVENIDA NILO PEÇANHA N 1521,4
111,75,SECRETARIA MUNICIPAL DO MEIO AMBIENTE,AVENIDA CARLOS GOMES N 2120,4
111,76,BAHIA - E.E.E.F.,"RUA ANGELITO ASMUZ AIQUEL,125",4
111,78,N.S.DO MONTSERRAT SALAO PAROQUIAL DA IGREJA,ANITA GARIBALDI N 1121,4
111,83,INSTITUTO SÃO FRANCISCO - PALLOTTI,TUPI N 212,4
111,113,ANCHIETA COLEGIO,AVENIDA NILO PEÇANHA N 1521,4
111,115,CARLOS FAGUNDES DE MELLO UNIDADE ESTADUAL DE ENSINO,RUA D QUADRA 28,4
111,121,SOCIEDADE GINASTICA PORTO ALEGRE,BARAO DE COTEGIPE N 415,4
111,123,INSTITUTO PIRATINI,EUDORO BERLINK N 632,4
111,135,PAN AMERICAN SCHOOL (ANTIGO COLÉGIO VERA CRUZ),JOAO OBINO N 110,4
111,146,CASA DO PEQUENO OPERARIO-DOM BOSCO,EDUARDO CHARTTIER N 360,4
111,149,ANCHIETA COLEGIO,AVENIDA NILO PEÇANHA N 1521,4
111,160,ANCHIETA COLEGIO,AVENIDA NILO PEÇANHA N 1521,4
111,162,RECANTO DA ALEGRIA E.E.E (ANT. POSTAO),"R. VALENTIM VICENTINI, 225",4
111,163,VISCONDE DE PELOTAS - E.E. DE 1 GRAU,"RUA ARTUR ROCHA, 200",4
111,171,CARLOS RODRIGUES DA SILVA - ESCOLA ESTADUAL,IBIRAPUITA N 65 VILA SESI,4
111,173,PAN AMERICAN SCHOOL (ANTIGO COLÉGIO VERA CRUZ),JOAO OBINO N 110,4
111,174,CASA DO PEQUENO OPERARIO-DOM BOSCO,EDUARDO CHARTTIER N 360,4
111,183,COLÉGIO ESTADUAL DOM JOÃO BECKER,NOVA PRATA N 185,4
111,190,SAO JOAO COLEGIO,HONORIO SILVEIRA DIAS N 645,4
111,202,FLORINDA TUBINO SAMPAIO - ESCOLA ESTADUAL,AVENIDA MONTENEGRO N 269,4
111,207,CASA DO PEQUENO OPERARIO-DOM BOSCO,EDUARDO CHARTTIER N 360,4
111,209,PAN AMERICAN SCHOOL (ANTIGO COLÉGIO VERA CRUZ),JOAO OBINO N 110,4
111,219,BAHIA - E.E.E.F.,"RUA ANGELITO ASMUZ AIQUEL,125",4
111,221,GONCALVES DIAS - ESCOLA ESTADUAL,CANDIOTA 145,4
111,243,SAO JOAO COLEGIO,HONORIO SILVEIRA DIAS N 645,4
111,251,FLORINDA TUBINO SAMPAIO - ESCOLA ESTADUAL,AVENIDA MONTENEGRO N 269,4
111,297,ESC. ESTADUAL DE ENSINO FUND. E MÉDIO MONS. LEOPOLDO HOFF,"RUA MOEMA, 255",4
111,301,ESC. ESTADUAL DE ENSINO FUND. E MÉDIO MONS. LEOPOLDO HOFF,"RUA MOEMA, 255",4
111,302,ESC. ESTADUAL DE ENSINO FUND. E MÉDIO MONS. LEOPOLDO HOFF,"RUA MOEMA, 255",4
111,305,ESC. ESTADUAL DE ENSINO FUND. E MÉDIO MONS. LEOPOLDO HOFF,"RUA MOEMA, 255",4
111,313,ESCOLA DE ENSINO FUNDAMENTAL PRUDENTE DE MORAIS,"RUA PRUDENTE DE MORAIS, 57",4
111,315,ESCOLA DE ENSINO FUNDAMENTAL PRUDENTE DE MORAIS,"RUA PRUDENTE DE MORAIS, 57",4
111,4,PAN AMERICAN SCHOOL (ANTIGO COLÉGIO VERA CRUZ),JOAO OBINO N 110,3
111,12,SOCIEDADE GINASTICA PORTO ALEGRE,BARAO DE COTEGIPE N 415,3
111,14,INSTITUTO PIRATINI,EUDORO BERLINK N 632,3
111,16,INSTITUTO PIRATINI,EUDORO BERLINK N 632,3
111,18,SECRETARIA MUNICIPAL DO MEIO AMBIENTE,AVENIDA CARLOS GOMES N 2120,3
111,25,BAHIA - E.E.E.F.,"RUA ANGELITO ASMUZ AIQUEL,125",3
111,28,GONCALVES DIAS - ESCOLA ESTADUAL,CANDIOTA 145,3
111,34,NOSSA SENHORA DO CENACULO - E.E.F.,"VIELA SAO BRAZ , 17",3
111,36,CASA DO PEQUENO OPERARIO-DOM BOSCO,EDUARDO CHARTTIER N 360,3
111,37,INSTITUTO SÃO FRANCISCO - PALLOTTI,TUPI N 212,3
111,38,CARLOS RODRIGUES DA SILVA - ESCOLA ESTADUAL,IBIRAPUITA N 65 VILA SESI,3
111,45,INSTITUTO SÃO FRANCISCO - PALLOTTI,TUPI N 212,3
111,46,N.S.DO MONTSERRAT SALAO PAROQUIAL DA IGREJA,ANITA GARIBALDI N 1121,3
111,57,INSTITUTO PIRATINI,EUDORO BERLINK N 632,3
111,61,INSTITUTO PIRATINI,EUDORO BERLINK N 632,3
111,68,INSTITUTO SÃO FRANCISCO - PALLOTTI,TUPI N 212,3
111,73,GONCALVES DIAS - ESCOLA ESTADUAL,CANDIOTA 145,3
111,89,GONCALVES DIAS - ESCOLA ESTADUAL,CANDIOTA 145,3
111,109,CASA DO PEQUENO OPERARIO-DOM BOSCO,EDUARDO CHARTTIER N 360,3
111,119,PAN AMERICAN SCHOOL (ANTIGO COLÉGIO VERA CRUZ),JOAO OBINO N 110,3
111,130,PASTOR DOHMS GINASIO EVANGELICO,"AMÉRICO VESPÚCIO, 483",3
111,132,VISCONDE DE PELOTAS - E.E. DE 1 GRAU,"RUA ARTUR ROCHA, 200",3
111,133,INSTITUTO SÃO FRANCISCO - PALLOTTI,TUPI N 212,3
111,137,ANCHIETA COLEGIO,AVENIDA NILO PEÇANHA N 1521,3
111,147,NOSSA SENHORA DO CENACULO - E.E.F.,"VIELA SAO BRAZ , 17",3
111,153,INSTITUTO SÃO FRANCISCO - PALLOTTI,TUPI N 212,3
111,157,SAO JOAO COLEGIO,HONORIO SILVEIRA DIAS N 645,3
111,166,GONCALVES DIAS - ESCOLA ESTADUAL,CANDIOTA 145,3
111,175,FLORINDA TUBINO SAMPAIO - ESCOLA ESTADUAL,AVENIDA MONTENEGRO N 269,3
111,180,FLORINDA TUBINO SAMPAIO - ESCOLA ESTADUAL,AVENIDA MONTENEGRO N 269,3
111,192,CASA DO PEQUENO OPERARIO-DOM BOSCO,EDUARDO CHARTTIER N 360,3
111,196,ESCOLA MUNIC. DE 1º GRAU VEREADOR ANTÔNIO GIUDICE,RUA DR CAIO BRANDÃO DE MELO S/N,3
111,206,FLORINDA TUBINO SAMPAIO - ESCOLA ESTADUAL,AVENIDA MONTENEGRO N 269,3
111,226,ANCHIETA COLEGIO,AVENIDA NILO PEÇANHA N 1521,3
111,227,FLORINDA TUBINO SAMPAIO - ESCOLA ESTADUAL,AVENIDA MONTENEGRO N 269,3
111,230,PAN AMERICAN SCHOOL (ANTIGO COLÉGIO VERA CRUZ),JOAO OBINO N 110,3
111,235,PASTOR DOHMS GINASIO EVANGELICO,"AMÉRICO VESPÚCIO, 483",3
111,245,PASTOR DOHMS GINASIO EVANGELICO,"AMÉRICO VESPÚCIO, 483",3
111,249,INSTITUTO PIRATINI,EUDORO BERLINK N 632,3
111,257,INSTITUTO SÃO FRANCISCO - PALLOTTI,TUPI N 212,3
111,258,ANCHIETA COLEGIO,AVENIDA NILO PEÇANHA N 1521,3
111,269,BAHIA - E.E.E.F.,"RUA ANGELITO ASMUZ AIQUEL,125",3
111,285,SOCIEDADE GINASTICA PORTO ALEGRE,BARAO DE COTEGIPE N 415,3
111,286,BAHIA - E.E.E.F.,"RUA ANGELITO ASMUZ AIQUEL,125",3
111,287,FLORINDA TUBINO SAMPAIO - ESCOLA ESTADUAL,AVENIDA MONTENEGRO N 269,3
111,288,MARIA TEREZA DA SILVEIRA - ESCOLA ESTADUAL,"RUA FURRIEL LUIZ ANTONIO VARGAS , 135",3
111,299,ESC. ESTADUAL DE ENSINO FUND. E MÉDIO MONS. LEOPOLDO HOFF,"RUA MOEMA, 255",3
111,311,ESCOLA DE ENSINO FUNDAMENTAL PRUDENTE DE MORAIS,"RUA PRUDENTE DE MORAIS, 57",3
111,316,COL. ROMANO II - UNID. SÃO MATEUS (ANTIGO ESPIRITO SANTO),"RUA BORTOLO BARBIERI, 90",3
111,317,COL. ROMANO II - UNID. SÃO MATEUS (ANTIGO ESPIRITO SANTO),"RUA BORTOLO BARBIERI, 90",3
111,327,ESC. ESTADUAL DE ENSINO FUND. E MÉDIO SARMENTO LEITE,"RUA EUGÊNIO DU PASQUIER, 115",3
111,331,ESC. ESTADUAL DE ENSINO FUND. E MÉDIO SARMENTO LEITE,"RUA EUGÊNIO DU PASQUIER, 115",3
111,333,ESC. ESTADUAL DE ENSINO FUND. E MÉDIO SARMENTO LEITE,"RUA EUGÊNIO DU PASQUIER, 115",3
111,335,ESC. ESTADUAL DE ENSINO FUND. E MÉDIO SARMENTO LEITE,"RUA EUGÊNIO DU PASQUIER, 115",3
111,340,CASA DO PEQUENO OPERARIO-DOM BOSCO,EDUARDO CHARTTIER N 360,3
111,344,ESCOLA MUNIC. DE 1º GRAU VEREADOR ANTÔNIO GIUDICE,RUA DR CAIO BRANDÃO DE MELO S/N,3
111,1,SAO JOAO COLEGIO,HONORIO SILVEIRA DIAS N 645,2
111,13,NOSSA SENHORA DO CENACULO - E.E.F.,"VIELA SAO BRAZ , 17",2
111,26,ANCHIETA COLEGIO,AVENIDA NILO PEÇANHA N 1521,2
111,29,COLÉGIO ESTADUAL DOM JOÃO BECKER,NOVA PRATA N 185,2
111,30,ESCOLA ESTADUAL DE 1 GRAU JOSE GARIBALDI,"RUA CAIO BRANDAO DE MELO, S/N",2
111,41,GONCALVES DIAS - ESCOLA ESTADUAL,CANDIOTA 145,2
111,88,SAO JOAO COLEGIO,HONORIO SILVEIRA DIAS N 645,2
111,97,RECANTO DA ALEGRIA E.E.E (ANT. POSTAO),"R. VALENTIM VICENTINI, 225",2
111,98,CARLOS FAGUNDES DE MELLO UNIDADE ESTADUAL DE ENSINO,RUA D QUADRA 28,2
111,105,COLÉGIO ESTADUAL DOM JOÃO BECKER,NOVA PRATA N 185,2
111,127,VISCONDE DE PELOTAS - E.E. DE 1 GRAU,"RUA ARTUR ROCHA, 200",2
111,145,MARIA TEREZA DA SILVEIRA - ESCOLA ESTADUAL,"RUA FURRIEL LUIZ ANTONIO VARGAS , 135",2
111,152,PASTOR DOHMS GINASIO EVANGELICO,"AMÉRICO VESPÚCIO, 483",2
111,154,NOSSA SENHORA DO CENACULO - E.E.F.,"VIELA SAO BRAZ , 17",2
111,161,CARLOS RODRIGUES DA SILVA - ESCOLA ESTADUAL,IBIRAPUITA N 65 VILA SESI,2
111,170,SOCIEDADE GINASTICA PORTO ALEGRE,BARAO DE COTEGIPE N 415,2
111,172,SECRETARIA MUNICIPAL DO MEIO AMBIENTE,AVENIDA CARLOS GOMES N 2120,2
111,184,INSTITUTO SÃO FRANCISCO - PALLOTTI,TUPI N 212,2
111,186,MARIA TEREZA DA SILVEIRA - ESCOLA ESTADUAL,"RUA FURRIEL LUIZ ANTONIO VARGAS , 135",2
111,204,VISCONDE DE PELOTAS - E.E. DE 1 GRAU,"RUA ARTUR ROCHA, 200",2
111,211,PAN AMERICAN SCHOOL (ANTIGO COLÉGIO VERA CRUZ),JOAO OBINO N 110,2
111,215,CARLOS BARBOSA GONCALVES - ESCOLA ESTADUAL,TRAVESSA HEIZELMANN N 250,2
111,224,PASTOR DOHMS GINASIO EVANGELICO,"AMÉRICO VESPÚCIO, 483",2
111,225,VISCONDE DE PELOTAS - E.E. DE 1 GRAU,"RUA ARTUR ROCHA, 200",2
111,231,ANCHIETA COLEGIO,AVENIDA NILO PEÇANHA N 1521,2
111,233,ANCHIETA COLEGIO,AVENIDA NILO PEÇANHA N 1521,2
111,241,VISCONDE DE PELOTAS - E.E. DE 1 GRAU,"RUA ARTUR ROCHA, 200",2
111,244,ANCHIETA COLEGIO,AVENIDA NILO PEÇANHA N 1521,2
111,255,ESCOLA ESTADUAL DE 1 GRAU JOSE GARIBALDI,"RUA CAIO BRANDAO DE MELO, S/N",2
111,256,INSTITUTO PIRATINI,EUDORO BERLINK N 632,2
111,260,CASA DO PEQUENO OPERARIO-DOM BOSCO,EDUARDO CHARTTIER N 360,2
111,262,SOCIEDADE GINASTICA PORTO ALEGRE,BARAO DE COTEGIPE N 415,2
111,263,VISCONDE DE PELOTAS - E.E. DE 1 GRAU,"RUA ARTUR ROCHA, 200",2
111,268,IMPERATRIZ DONA LEOPOLDINA - E.E.E.F.,"AV ITAJAI, 241",2
111,270,ESCOLA MUNIC. DE 1º GRAU VEREADOR ANTÔNIO GIUDICE,RUA DR CAIO BRANDÃO DE MELO S/N,2
111,272,IMPERATRIZ DONA LEOPOLDINA - E.E.E.F.,"AV ITAJAI, 241",2
111,284,IMPERATRIZ DONA LEOPOLDINA - E.E.E.F.,"AV ITAJAI, 241",2
111,291,COLÉGIO FARROUPILHA,"RUA CARLOS HUBER, 425",2
111,295,COLÉGIO FARROUPILHA,"RUA CARLOS HUBER, 425",2
111,310,ESCOLA DE ENSINO FUNDAMENTAL PRUDENTE DE MORAIS,"RUA PRUDENTE DE MORAIS, 57",2
111,319,COL. ROMANO II - UNID. SÃO MATEUS (ANTIGO ESPIRITO SANTO),"RUA BORTOLO BARBIERI, 90",2
111,324,ESC. ESTADUAL DE ENSINO FUND. AURÉLIO REIS,"RUA MONTE ALEGRE, 119",2
111,326,ESC. ESTADUAL DE ENSINO FUND. E MÉDIO SARMENTO LEITE,"RUA EUGÊNIO DU PASQUIER, 115",2
111,328,ESC. ESTADUAL DE ENSINO FUND. E MÉDIO SARMENTO LEITE,"RUA EUGÊNIO DU PASQUIER, 115",2
111,332,ESC. ESTADUAL DE ENSINO FUND. E MÉDIO SARMENTO LEITE,"RUA EUGÊNIO DU PASQUIER, 115",2
111,337,PASTOR DOHMS GINASIO EVANGELICO,"AMÉRICO VESPÚCIO, 483",2
111,350,COLÉGIO FARROUPILHA,"RUA CARLOS HUBER, 425",2
111,351,DANILO ANTONIO ZAFFARI - E.E.E.F.,"RUA MARCOS KRUCHIN, 291",2
111,10,ESCOLA MUNIC. DE 1º GRAU VEREADOR ANTÔNIO GIUDICE,RUA DR CAIO BRANDÃO DE MELO S/N,1
111,39,LIONS CLUB P.A. FARRAPOS ESC EST DE 1 GRAU,DONA TEODORA N 1156,1
111,42,INSTITUTO SÃO FRANCISCO - PALLOTTI,TUPI N 212,1
111,60,SAO JOAO COLEGIO,HONORIO SILVEIRA DIAS N 645,1
111,64,PASTOR DOHMS GINASIO EVANGELICO,"AMÉRICO VESPÚCIO, 483",1
111,79,SECRETARIA MUNICIPAL DO MEIO AMBIENTE,AVENIDA CARLOS GOMES N 2120,1
111,84,INSTITUTO PIRATINI,EUDORO BERLINK N 632,1
111,86,ANCHIETA COLEGIO,AVENIDA NILO PEÇANHA N 1521,1
111,95,ESCOLA ESTADUAL DE 1 GRAU JOSE GARIBALDI,"RUA CAIO BRANDAO DE MELO, S/N",1
111,96,PASTOR DOHMS GINASIO EVANGELICO,"AMÉRICO VESPÚCIO, 483",1
111,102,SANTA LUIZA OBRA SOCIAL,RUA D N 30,1
111,108,INSTITUTO SÃO FRANCISCO - PALLOTTI,TUPI N 212,1
111,124,CARLOS BARBOSA GONCALVES - ESCOLA ESTADUAL,TRAVESSA HEIZELMANN N 250,1
111,126,SAO JOAO COLEGIO,HONORIO SILVEIRA DIAS N 645,1
111,128,GONCALVES DIAS - ESCOLA ESTADUAL,CANDIOTA 145,1
111,148,INSTITUTO SÃO FRANCISCO - PALLOTTI,TUPI N 212,1
111,164,CASA DO PEQUENO OPERARIO-DOM BOSCO,EDUARDO CHARTTIER N 360,1
111,168,VISCONDE DE PELOTAS - E.E. DE 1 GRAU,"RUA ARTUR ROCHA, 200",1
111,176,CARLOS FAGUNDES DE MELLO UNIDADE ESTADUAL DE ENSINO,RUA D QUADRA 28,1
111,181,LIONS CLUB P.A. FARRAPOS ESC EST DE 1 GRAU,DONA TEODORA N 1156,1
111,182,GONCALVES DIAS - ESCOLA ESTADUAL,CANDIOTA 145,1
111,189,CARLOS FAGUNDES DE MELLO UNIDADE ESTADUAL DE ENSINO,RUA D QUADRA 28,1
111,191,INSTITUTO SÃO FRANCISCO - PALLOTTI,TUPI N 212,1
111,201,SANTA LUIZA OBRA SOCIAL,RUA D N 30,1
111,210,SOCIEDADE GINASTICA PORTO ALEGRE,BARAO DE COTEGIPE N 415,1
111,217,ESCOLA ESTADUAL DE 1 GRAU JOSE GARIBALDI,"RUA CAIO BRANDAO DE MELO, S/N",1
111,218,ESCOLA ESTADUAL DE 1 GRAU JOSE GARIBALDI,"RUA CAIO BRANDAO DE MELO, S/N",1
111,222,RECANTO DA ALEGRIA E.E.E (ANT. POSTAO),"R. VALENTIM VICENTINI, 225",1
111,234,ESCOLA ESTADUAL DE 1 GRAU JOSE GARIBALDI,"RUA CAIO BRANDAO DE MELO, S/N",1
111,238,ESCOLA ESTADUAL DE 1 GRAU JOSE GARIBALDI,"RUA CAIO BRANDAO DE MELO, S/N",1
111,239,SAO JOAO COLEGIO,HONORIO SILVEIRA DIAS N 645,1
111,240,FLORINDA TUBINO SAMPAIO - ESCOLA ESTADUAL,AVENIDA MONTENEGRO N 269,1
111,246,FLORINDA TUBINO SAMPAIO - ESCOLA ESTADUAL,AVENIDA MONTENEGRO N 269,1
111,247,ANCHIETA COLEGIO,AVENIDA NILO PEÇANHA N 1521,1
111,250,PASTOR DOHMS GINASIO EVANGELICO,"AMÉRICO VESPÚCIO, 483",1
111,252,RECANTO DA ALEGRIA E.E.E (ANT. POSTAO),"R. VALENTIM VICENTINI, 225",1
111,254,DANILO ANTONIO ZAFFARI - E.E.E.F.,"RUA MARCOS KRUCHIN, 291",1
111,266,ESCOLA ESTADUAL DE 1 GRAU JOSE GARIBALDI,"RUA CAIO BRANDAO DE MELO, S/N",1
111,275,VISCONDE DE PELOTAS - E.E. DE 1 GRAU,"RUA ARTUR ROCHA, 200",1
111,280,MARIA TEREZA DA SILVEIRA - ESCOLA ESTADUAL,"RUA FURRIEL LUIZ ANTONIO VARGAS , 135",1
111,283,ESCOLA MUNIC. DE 1º GRAU VEREADOR ANTÔNIO GIUDICE,RUA DR CAIO BRANDÃO DE MELO S/N,1
111,306,ESCOLA DE ENSINO FUNDAMENTAL PRUDENTE DE MORAIS,"RUA PRUDENTE DE MORAIS, 57",1
111,308,ESCOLA DE ENSINO FUNDAMENTAL PRUDENTE DE MORAIS,"RUA PRUDENTE DE MORAIS, 57",1
111,320,COL. ROMANO II - UNID. SÃO MATEUS (ANTIGO ESPIRITO SANTO),"RUA BORTOLO BARBIERI, 90",1
111,321,ESC. ESTADUAL DE ENSINO FUND. AURÉLIO REIS,"RUA MONTE ALEGRE, 119",1
111,325,ESC. ESTADUAL DE ENSINO FUND. E MÉDIO SARMENTO LEITE,"RUA EUGÊNIO DU PASQUIER, 115",1
111,329,ESC. ESTADUAL DE ENSINO FUND. E MÉDIO SARMENTO LEITE,"RUA EUGÊNIO DU PASQUIER, 115",1
111,330,ESC. ESTADUAL DE ENSINO FUND. E MÉDIO SARMENTO LEITE,"RUA EUGÊNIO DU PASQUIER, 115",1
111,334,ESC. ESTADUAL DE ENSINO FUND. E MÉDIO SARMENTO LEITE,"RUA EUGÊNIO DU PASQUIER, 115",1
111,339,IMPERATRIZ DONA LEOPOLDINA - E.E.E.F.,"AV ITAJAI, 241",1
111,347,PASTOR DOHMS GINASIO EVANGELICO,"AMÉRICO VESPÚCIO, 483",1
111,348,ANCHIETA COLEGIO,AVENIDA NILO PEÇANHA N 1521,1
112,43,ESCOLA ESTADUAL DE ENSINO FUNDAMENTAL JAPÃO,"RUA ENRICO CARUSO, 444",13
112,135,ESCOLA ESTADUAL DE ENSINO FUNDAMENTAL JAPÃO,"RUA ENRICO CARUSO, 444",11
112,283,ESCOLA SÃO LUIZ GUANELLA,"AV BENNO MENTZ, 1560",11
112,489,CLUBE COMERCIAL SARANDI,"AV. SALVADOR LEAO, 277 - VILA LEAO",11
112,39,ESCOLA ESTADUAL DE ENSINO FUNDAMENTAL TOYAMA,"ACESSO TOYAMA, 1",10
112,336,ESCOLA ESTADUAL DE ENSINO FUNDAMENTAL JAPÃO,"RUA ENRICO CARUSO, 444",10
112,104,ESCOLA DE ENSINO FUNDAMENTAL E MÉDIO JOSÉ CÉSAR MESQUITA,"AV. DO FORTE, 77",9
112,188,COLÉGIO SANTA DOROTÉIA,"RUA MALI, 405",9
112,165,ESCOLA ESTADUAL DE ENSINO FUNDAMENTAL JAPÃO,"RUA ENRICO CARUSO, 444",8
112,196,ESCOLA ESTADUAL DOM DIOGO DE SOUZA,"RUA ADÃO BAINO, 206",8
112,340,ESCOLA SÃO LUIZ GUANELLA,"AV BENNO MENTZ, 1560",8
112,359,ESCOLA ESTADUAL DOM DIOGO DE SOUZA,"RUA ADÃO BAINO, 206",8
112,460,ITAMARATI - ESC. EST. DE ENS. FUNDAMENTAL,"AV. FRANCISCO RODOLFO SIMCH, 617 - PASSO DA MANGUEIRA",8
112,515,PROF. MARIETA DA CUNHA SILVA - ESC. EST. DE ENS. FUNDAMENTAL,"RUA PAULO MADUREIRA COELHO, 165 - VILA PETROPOLIS",8
112,539,ESCOLA ESTADUAL DE EDUCAÇÃO BÁSICA DOLORES ALCARAZ CALDAS,"RUA AFONSO CELSO PUPE DA SILVEIRA, 25",8
112,108,ESCOLA ESTADUAL DE ENSINO FUNDAMENTAL JAPÃO,"RUA ENRICO CARUSO, 444",7
112,172,COLÉGIO SINODAL DO SALVADOR,"AV. MATHILDE TREIN RENNER, 55",7
112,177,ESCOLA ESTADUAL ENSINO BÁSICO GOMES CARNEIRO,"PRAÇA ENGENHEIRO PAULO DE ARAGÃO BOZANO, S/N",7
112,192,COLÉGIO ROMANO SENHOR BOM JESUS,"RUA IRMÃO INOCÊNCIO LUIZ, 21",7
112,195,LINDÓIA TÊNIS CLUBE,"RUA COMANDANTE GUSTAVO CRAMER, 90",7
112,199,ESCOLA ESTADUAL DE ENSINO FUNDAMENTAL JAPÃO,"RUA ENRICO CARUSO, 444",7
112,218,INSTITUTO EDUCACIONAL SÃO JUDAS TADEU,"RUA DOM DIOGO DE SOUZA, 100",7
112,227,COLÉGIO ESTADUAL PROF. ELMANO LAUFFER LEAL,"RUA TENENTE ARY TARRAGÔ, 3345",7
112,249,ESCOLA ESTADUAL DE ENSINO FUNDAMENTAL TOYAMA,"ACESSO TOYAMA, 1",7
112,355,COLÉGIO ESTADUAL PROF. ELMANO LAUFFER LEAL,"RUA TENENTE ARY TARRAGÔ, 3345",7
112,362,ESCOLA ESTADUAL DE ENSINO FUNDAMENTAL TOYAMA,"ACESSO TOYAMA, 1",7
112,407,ESCOLA ESTADUAL ENSINO BÁSICO GOMES CARNEIRO,"PRAÇA ENGENHEIRO PAULO DE ARAGÃO BOZANO, S/N",7
112,461,ITAMARATI - ESC. EST. DE ENS. FUNDAMENTAL,"AV. FRANCISCO RODOLFO SIMCH, 617 - PASSO DA MANGUEIRA",7
112,514,PROF. MARIETA DA CUNHA SILVA - ESC. EST. DE ENS. FUNDAMENTAL,"RUA PAULO MADUREIRA COELHO, 165 - VILA PETROPOLIS",7
112,26,ESCOLA ESTADUAL DOM DIOGO DE SOUZA,"RUA ADÃO BAINO, 206",6
112,50,COLÉGIO ROMANO SENHOR BOM JESUS,"RUA IRMÃO INOCÊNCIO LUIZ, 21",6
112,76,ESCOLA DE ENSINO FUNDAMENTAL E MÉDIO RUBEN BERTA,"AV. SATURNINO DE BRITO, 1400",6
112,97,COLÉGIO SANTA DOROTÉIA,"RUA MALI, 405",6
112,105,ESCOLA ESTADUAL DE ENSINO FUNDAMENTAL TOYAMA,"ACESSO TOYAMA, 1",6
112,212,ESCOLA ESTADUAL ENSINO BÁSICO GOMES CARNEIRO,"PRAÇA ENGENHEIRO PAULO DE ARAGÃO BOZANO, S/N",6
112,252,LINDÓIA TÊNIS CLUBE,"RUA COMANDANTE GUSTAVO CRAMER, 90",6
112,275,ESCOLA DE ENSINO FUNDAMENTAL E MÉDIO ITÁLIA,"AV. PROFESSOR PAULA SOARES, 1095",6
112,308,COLÉGIO ROMANO SENHOR BOM JESUS,"RUA IRMÃO INOCÊNCIO LUIZ, 21",6
112,311,COLÉGIO SANTA DOROTÉIA,"RUA MALI, 405",6
112,329,ESCOLA DE ENSINO FUNDAMENTAL E MÉDIO ITÁLIA,"AV. PROFESSOR PAULA SOARES, 1095",6
112,332,ESCOLA ESTADUAL DE ENSINO FUNDAMENTAL TOYAMA,"ACESSO TOYAMA, 1",6
112,387,ESCOLA ESTADUAL DE ENSINO FUNDAMENTAL JAPÃO,"RUA ENRICO CARUSO, 444",6
112,442,PRES. ARTHUR DA COSTA E SILVA - COLEGIO EST. DE ENS. MEDIO,"RUA BADEN POWELL, 409 - PARQUE MINUANO",6
112,455,ITAMARATI - ESC. EST. DE ENS. FUNDAMENTAL,"AV. FRANCISCO RODOLFO SIMCH, 617 - PASSO DA MANGUEIRA",6
112,6,COLÉGIO SANTA DOROTÉIA,"RUA MALI, 405",5
112,28,ESCOLA DE ENSINO FUNDAMENTAL E MÉDIO JOSÉ CÉSAR MESQUITA,"AV. DO FORTE, 77",5
112,73,ESCOLA ESTADUAL DE ENSINO FUNDAMENTAL JAPÃO,"RUA ENRICO CARUSO, 444",5
112,78,COLÉGIO SINODAL DO SALVADOR,"AV. MATHILDE TREIN RENNER, 55",5
112,88,LINDÓIA TÊNIS CLUBE,"RUA COMANDANTE GUSTAVO CRAMER, 90",5
112,98,COLÉGIO ESTADUAL PROF. ELMANO LAUFFER LEAL,"RUA TENENTE ARY TARRAGÔ, 3345",5
112,131,INSTITUTO EDUCACIONAL SÃO JUDAS TADEU,"RUA DOM DIOGO DE SOUZA, 100",5
112,137,LINDÓIA TÊNIS CLUBE,"RUA COMANDANTE GUSTAVO CRAMER, 90",5
112,166,COLÉGIO ESTADUAL PROF. ELMANO LAUFFER LEAL,"RUA TENENTE ARY TARRAGÔ, 3345",5
112,169,ESCOLA EST. DE ENS. MÉDIO REPÚBLICA ARGENTINA,"AV.  BOGOTÁ, 789",5
112,180,ESCOLA ESTADUAL DE ENSINO FUNDAMENTAL TOYAMA,"ACESSO TOYAMA, 1",5
112,226,ESCOLA SÃO LUIZ GUANELLA,"AV BENNO MENTZ, 1560",5
112,234,ESCOLA ESTADUAL DE ENSINO FUNDAMENTAL JAPÃO,"RUA ENRICO CARUSO, 444",5
112,264,ESCOLA ESTADUAL DE ENSINO FUNDAMENTAL JAPÃO,"RUA ENRICO CARUSO, 444",5
112,293,ESCOLA ESTADUAL DE ENSINO FUNDAMENTAL JAPÃO,"RUA ENRICO CARUSO, 444",5
112,306,LINDÓIA TÊNIS CLUBE,"RUA COMANDANTE GUSTAVO CRAMER, 90",5
112,337,ESCOLA ESTADUAL DOM DIOGO DE SOUZA,"RUA ADÃO BAINO, 206",5
112,349,COLÉGIO SINODAL DO SALVADOR,"AV. MATHILDE TREIN RENNER, 55",5
112,390,INSTITUTO EDUCACIONAL SÃO JUDAS TADEU,"RUA DOM DIOGO DE SOUZA, 100",5
112,394,ESCOLA ESTADUAL DE ENSINO FUNDAMENTAL JAPÃO,"RUA ENRICO CARUSO, 444",5
112,399,EDUCANDÁRIO SÃO LUIZ,"RUA NICOLAU COELHO, 58",5
112,400,ESCOLA EST. DE ENS. MÉDIO REPÚBLICA ARGENTINA,"AV.  BOGOTÁ, 789",5
112,457,ITAMARATI - ESC. EST. DE ENS. FUNDAMENTAL,"AV. FRANCISCO RODOLFO SIMCH, 617 - PASSO DA MANGUEIRA",5
112,458,ITAMARATI - ESC. EST. DE ENS. FUNDAMENTAL,"AV. FRANCISCO RODOLFO SIMCH, 617 - PASSO DA MANGUEIRA",5
112,463,LIDIA MOSCHETTI - ESC. EST. DE ENS. FUNDAMENTAL,"AV. SILVESTRE FELIX RODRIGUES, 1000",5
112,468,LIDIA MOSCHETTI - ESC. EST. DE ENS. FUNDAMENTAL,"AV. SILVESTRE FELIX RODRIGUES, 1000",5
112,469,LIDIA MOSCHETTI - ESC. EST. DE ENS. FUNDAMENTAL,"AV. SILVESTRE FELIX RODRIGUES, 1000",5
112,483,COLÉGIO KENNEDY,"AV. ALCIDES SÃO SEVERINO, 99",5
112,486,CLUBE COMERCIAL SARANDI,"AV. SALVADOR LEAO, 277 - VILA LEAO",5
112,502,ESCOLA MUNICIPAL PEPITA DE LEAO,"RUA ESTADIO, 29",5
112,513,PROF. MARIETA DA CUNHA SILVA - ESC. EST. DE ENS. FUNDAMENTAL,"RUA PAULO MADUREIRA COELHO, 165 - VILA PETROPOLIS",5
112,523,ESCOLA ESTADUAL ENSINO BÁSICO GOMES CARNEIRO,"PRAÇA ENGENHEIRO PAULO DE ARAGÃO BOZANO, S/N",5
112,525,INSTITUTO EDUCACIONAL SÃO JUDAS TADEU,"RUA DOM DIOGO DE SOUZA, 100",5
112,528,PROF. MARIETA DA CUNHA SILVA - ESC. EST. DE ENS. FUNDAMENTAL,"RUA PAULO MADUREIRA COELHO, 165 - VILA PETROPOLIS",5
112,542,COLÉGIO SINODAL DO SALVADOR,"AV. MATHILDE TREIN RENNER, 55",5
112,9,ESCOLA ESTADUAL DE ENSINO FUNDAMENTAL ANA NÉRI,"RUA JOAQUIM SILVEIRA, 730",4
112,13,INSTITUTO EDUCACIONAL SÃO JUDAS TADEU,"RUA DOM DIOGO DE SOUZA, 100",4
112,18,ESCOLA SÃO LUIZ GUANELLA,"AV BENNO MENTZ, 1560",4
112,31,ESCOLA DE ENSINO FUNDAMENTAL E MÉDIO RUBEN BERTA,"AV. SATURNINO DE BRITO, 1400",4
112,47,INSTITUTO EDUCACIONAL SÃO JUDAS TADEU,"RUA DOM DIOGO DE SOUZA, 100",4
112,77,ESCOLA ESTADUAL DE ENSINO FUNDAMENTAL ANA NÉRI,"RUA JOAQUIM SILVEIRA, 730",4
112,82,ESCOLA DE ENSINO FUNDAMENTAL E MÉDIO ITÁLIA,"AV. PROFESSOR PAULA SOARES, 1095",4
112,84,COLÉGIO ROMANO SENHOR BOM JESUS,"RUA IRMÃO INOCÊNCIO LUIZ, 21",4
112,118,ESCOLA ESTADUAL DE ENSINO FUNDAMENTAL ANA NÉRI,"RUA JOAQUIM SILVEIRA, 730",4
112,129,INSTITUTO EDUCACIONAL SÃO JUDAS TADEU,"RUA DOM DIOGO DE SOUZA, 100",4
112,139,COLÉGIO SANTA DOROTÉIA,"RUA MALI, 405",4
112,155,ESCOLA ESTADUAL DE ENSINO FUNDAMENTAL ANA NÉRI,"RUA JOAQUIM SILVEIRA, 730",4
112,164,INSTITUTO EDUCACIONAL SÃO JUDAS TADEU,"RUA DOM DIOGO DE SOUZA, 100",4
112,174,ESCOLA DE ENSINO FUNDAMENTAL E MÉDIO ITÁLIA,"AV. PROFESSOR PAULA SOARES, 1095",4
112,219,ESCOLA DE ENSINO FUNDAMENTAL E MÉDIO ITÁLIA,"AV. PROFESSOR PAULA SOARES, 1095",4
112,232,ESCOLA DE ENSINO FUNDAMENTAL E MÉDIO RUBEN BERTA,"AV. SATURNINO DE BRITO, 1400",4
112,237,COLÉGIO SANTA DOROTÉIA,"RUA MALI, 405",4
112,248,COLÉGIO ROMANO SENHOR BOM JESUS,"RUA IRMÃO INOCÊNCIO LUIZ, 21",4
112,251,ESCOLA DE ENSINO FUNDAMENTAL E MÉDIO JOSÉ CÉSAR MESQUITA,"AV. DO FORTE, 77",4
112,256,COLÉGIO SINODAL DO SALVADOR,"AV. MATHILDE TREIN RENNER, 55",4
112,279,ESCOLA ESTADUAL DE ENSINO FUNDAMENTAL ANA NÉRI,"RUA JOAQUIM SILVEIRA, 730",4
112,287,ESCOLA ESTADUAL DOM DIOGO DE SOUZA,"RUA ADÃO BAINO, 206",4
112,288,INSTITUTO EDUCACIONAL SÃO JUDAS TADEU,"RUA DOM DIOGO DE SOUZA, 100",4
112,289,COLÉGIO ESTADUAL PROF. ELMANO LAUFFER LEAL,"RUA TENENTE ARY TARRAGÔ, 3345",4
112,309,COLÉGIO SINODAL DO SALVADOR,"AV. MATHILDE TREIN RENNER, 55",4
112,317,ESCOLA ESTADUAL DOM DIOGO DE SOUZA,"RUA ADÃO BAINO, 206",4
112,319,ESCOLA SÃO LUIZ GUANELLA,"AV BENNO MENTZ, 1560",4
112,326,ESCOLA DE ENSINO FUNDAMENTAL E MÉDIO JOSÉ CÉSAR MESQUITA,"AV. DO FORTE, 77",4
112,366,COLÉGIO ROMANO SENHOR BOM JESUS,"RUA IRMÃO INOCÊNCIO LUIZ, 21",4
112,376,ESCOLA ESTADUAL DE ENSINO FUNDAMENTAL JAPÃO,"RUA ENRICO CARUSO, 444",4
112,380,ESCOLA EST. DE ENS. MÉDIO REPÚBLICA ARGENTINA,"AV.  BOGOTÁ, 789",4
112,388,ESCOLA DE ENSINO FUNDAMENTAL E MÉDIO ITÁLIA,"AV. PROFESSOR PAULA SOARES, 1095",4
112,401,ESCOLA DE ENSINO FUNDAMENTAL E MÉDIO JOSÉ CÉSAR MESQUITA,"AV. DO FORTE, 77",4
112,412,EDUCANDÁRIO SÃO LUIZ,"RUA NICOLAU COELHO, 58",4
112,435,PRESIDENTE VARGAS - ESC. MUNICIPAL DE ENS. FUNDAMENTAL,"RUA ANA AURORA DO AMARAL LISBOA, 60",4
112,441,PRES. ARTHUR DA COSTA E SILVA - COLEGIO EST. DE ENS. MEDIO,"RUA BADEN POWELL, 409 - PARQUE MINUANO",4
112,451,ITAMARATI - ESC. EST. DE ENS. FUNDAMENTAL,"AV. FRANCISCO RODOLFO SIMCH, 617 - PASSO DA MANGUEIRA",4
112,456,ITAMARATI - ESC. EST. DE ENS. FUNDAMENTAL,"AV. FRANCISCO RODOLFO SIMCH, 617 - PASSO DA MANGUEIRA",4
112,475,DR. FERREIRA DE ABREU - ESC. EST. DE ENS. FUNDAMENTAL,"RUA BATOVI, 25 - VILA LEAO",4
112,479,COLÉGIO KENNEDY,"AV. ALCIDES SÃO SEVERINO, 99",4
112,482,COLÉGIO KENNEDY,"AV. ALCIDES SÃO SEVERINO, 99",4
112,488,CLUBE COMERCIAL SARANDI,"AV. SALVADOR LEAO, 277 - VILA LEAO",4
112,497,ESCOLA MUNICIPAL PEPITA DE LEAO,"RUA ESTADIO, 29",4
112,503,ESCOLA MUNICIPAL PEPITA DE LEAO,"RUA ESTADIO, 29",4
112,517,PROF. MARIETA DA CUNHA SILVA - ESC. EST. DE ENS. FUNDAMENTAL,"RUA PAULO MADUREIRA COELHO, 165 - VILA PETROPOLIS",4
112,520,PORTO ALEGRE - ESCOLA ESTADUAL DE ENSINO FUNDAMENTAL,"RUA JOAO DALLEGRAVE, 130",4
112,530,ESCOLA ESTADUAL DE EDUCAÇÃO BÁSICA DOLORES ALCARAZ CALDAS,"RUA AFONSO CELSO PUPE DA SILVEIRA, 25",4
112,534,ESCOLA ESTADUAL DE EDUCAÇÃO BÁSICA DOLORES ALCARAZ CALDAS,"RUA AFONSO CELSO PUPE DA SILVEIRA, 25",4
112,537,COLÉGIO ESTADUAL PROF. ELMANO LAUFFER LEAL,"RUA TENENTE ARY TARRAGÔ, 3345",4
112,14,ESCOLA SÃO LUIZ GUANELLA,"AV BENNO MENTZ, 1560",3
112,22,COLÉGIO SANTA DOROTÉIA,"RUA MALI, 405",3
112,36,ESCOLA DE ENSINO FUNDAMENTAL E MÉDIO RUBEN BERTA,"AV. SATURNINO DE BRITO, 1400",3
112,89,ESCOLA EST. DE ENS. MÉDIO REPÚBLICA ARGENTINA,"AV.  BOGOTÁ, 789",3
112,91,COLÉGIO SANTA DOROTÉIA,"RUA MALI, 405",3
112,109,ESCOLA SÃO LUIZ GUANELLA,"AV BENNO MENTZ, 1560",3
112,123,COLÉGIO SINODAL DO SALVADOR,"AV. MATHILDE TREIN RENNER, 55",3
112,127,ESCOLA DE ENSINO FUNDAMENTAL E MÉDIO RUBEN BERTA,"AV. SATURNINO DE BRITO, 1400",3
112,141,COLÉGIO ROMANO SENHOR BOM JESUS,"RUA IRMÃO INOCÊNCIO LUIZ, 21",3
112,176,COLÉGIO SANTA DOROTÉIA,"RUA MALI, 405",3
112,182,ESCOLA DE ENSINO FUNDAMENTAL E MÉDIO JOSÉ CÉSAR MESQUITA,"AV. DO FORTE, 77",3
112,185,ESCOLA SÃO LUIZ GUANELLA,"AV BENNO MENTZ, 1560",3
112,186,ESCOLA DE ENSINO FUNDAMENTAL E MÉDIO RUBEN BERTA,"AV. SATURNINO DE BRITO, 1400",3
112,189,ESCOLA SÃO LUIZ GUANELLA,"AV BENNO MENTZ, 1560",3
112,198,INSTITUTO EDUCACIONAL SÃO JUDAS TADEU,"RUA DOM DIOGO DE SOUZA, 100",3
112,217,COLÉGIO SANTA DOROTÉIA,"RUA MALI, 405",3
112,221,ESCOLA EST. DE ENS. MÉDIO REPÚBLICA ARGENTINA,"AV.  BOGOTÁ, 789",3
112,244,INSTITUTO EDUCACIONAL SÃO JUDAS TADEU,"RUA DOM DIOGO DE SOUZA, 100",3
112,261,INSTITUTO EDUCACIONAL SÃO JUDAS TADEU,"RUA DOM DIOGO DE SOUZA, 100",3
112,267,COLÉGIO SANTA DOROTÉIA,"RUA MALI, 405",3
112,270,ESCOLA DE ENSINO FUNDAMENTAL E MÉDIO RUBEN BERTA,"AV. SATURNINO DE BRITO, 1400",3
112,295,ESCOLA DE ENSINO FUNDAMENTAL E MÉDIO RUBEN BERTA,"AV. SATURNINO DE BRITO, 1400",3
112,296,ESCOLA ESTADUAL DOM DIOGO DE SOUZA,"RUA ADÃO BAINO, 206",3
112,312,ESCOLA ESTADUAL DE ENSINO FUNDAMENTAL ANA NÉRI,"RUA JOAQUIM SILVEIRA, 730",3
112,314,ESCOLA ESTADUAL DOM DIOGO DE SOUZA,"RUA ADÃO BAINO, 206",3
112,365,ESCOLA ESTADUAL ENSINO BÁSICO GOMES CARNEIRO,"PRAÇA ENGENHEIRO PAULO DE ARAGÃO BOZANO, S/N",3
112,371,COLÉGIO SINODAL DO SALVADOR,"AV. MATHILDE TREIN RENNER, 55",3
112,373,ESCOLA EST. DE ENS. MÉDIO REPÚBLICA ARGENTINA,"AV.  BOGOTÁ, 789",3
112,377,ESCOLA ESTADUAL DOM DIOGO DE SOUZA,"RUA ADÃO BAINO, 206",3
112,378,ESCOLA DE ENSINO FUNDAMENTAL E MÉDIO ITÁLIA,"AV. PROFESSOR PAULA SOARES, 1095",3
112,385,COLÉGIO ROMANO SENHOR BOM JESUS,"RUA IRMÃO INOCÊNCIO LUIZ, 21",3
112,402,COLÉGIO ROMANO SENHOR BOM JESUS,"RUA IRMÃO INOCÊNCIO LUIZ, 21",3
112,405,ESCOLA DE ENSINO FUNDAMENTAL E MÉDIO JOSÉ CÉSAR MESQUITA,"AV. DO FORTE, 77",3
112,409,ESCOLA DE ENSINO FUNDAMENTAL E MÉDIO JOSÉ CÉSAR MESQUITA,"AV. DO FORTE, 77",3
112,413,ESCOLA EST. DE ENS. MÉDIO REPÚBLICA ARGENTINA,"AV.  BOGOTÁ, 789",3
112,417,ESCOLA EST. DE ENS. MÉDIO REPÚBLICA ARGENTINA,"AV.  BOGOTÁ, 789",3
112,418,COLÉGIO SINODAL DO SALVADOR,"AV. MATHILDE TREIN RENNER, 55",3
112,432,PRESIDENTE VARGAS - ESC. MUNICIPAL DE ENS. FUNDAMENTAL,"RUA ANA AURORA DO AMARAL LISBOA, 60",3
112,443,PRES. ARTHUR DA COSTA E SILVA - COLEGIO EST. DE ENS. MEDIO,"RUA BADEN POWELL, 409 - PARQUE MINUANO",3
112,447,PRES. ARTHUR DA COSTA E SILVA - COLEGIO EST. DE ENS. MEDIO,"RUA BADEN POWELL, 409 - PARQUE MINUANO",3
112,453,ITAMARATI - ESC. EST. DE ENS. FUNDAMENTAL,"AV. FRANCISCO RODOLFO SIMCH, 617 - PASSO DA MANGUEIRA",3
112,459,ITAMARATI - ESC. EST. DE ENS. FUNDAMENTAL,"AV. FRANCISCO RODOLFO SIMCH, 617 - PASSO DA MANGUEIRA",3
112,462,LIDIA MOSCHETTI - ESC. EST. DE ENS. FUNDAMENTAL,"AV. SILVESTRE FELIX RODRIGUES, 1000",3
112,466,LIDIA MOSCHETTI - ESC. EST. DE ENS. FUNDAMENTAL,"AV. SILVESTRE FELIX RODRIGUES, 1000",3
112,467,LIDIA MOSCHETTI - ESC. EST. DE ENS. FUNDAMENTAL,"AV. SILVESTRE FELIX RODRIGUES, 1000",3
112,471,LIDIA MOSCHETTI - ESC. EST. DE ENS. FUNDAMENTAL,"AV. SILVESTRE FELIX RODRIGUES, 1000",3
112,472,DR. FERREIRA DE ABREU - ESC. EST. DE ENS. FUNDAMENTAL,"RUA BATOVI, 25 - VILA LEAO",3
112,473,DR. FERREIRA DE ABREU - ESC. EST. DE ENS. FUNDAMENTAL,"RUA BATOVI, 25 - VILA LEAO",3
112,476,DR. FERREIRA DE ABREU - ESC. EST. DE ENS. FUNDAMENTAL,"RUA BATOVI, 25 - VILA LEAO",3
112,484,COLÉGIO KENNEDY,"AV. ALCIDES SÃO SEVERINO, 99",3
112,487,CLUBE COMERCIAL SARANDI,"AV. SALVADOR LEAO, 277 - VILA LEAO",3
112,493,ESCOLA MUNICIPAL PEPITA DE LEAO,"RUA ESTADIO, 29",3
112,510,LAURO RODRIGUES - ESC. MUNICIPAL DE ENS. FUNDAMENTAL,"RUA DR. MARINO ABRAHAO, 240",3
112,518,AMERICA - ESCOLA ESTADUAL DE ENSINO FUNDAMENTAL,"RUA OCTACILIO JOSE DIAS, S/N",3
112,522,ESCOLA ESTADUAL BRIGADEIRO FRANCISCO DE LIMA E SILVA,"RUA TUNÍSIA, 60",3
112,535,ESCOLA ESTADUAL DE EDUCAÇÃO BÁSICA DOLORES ALCARAZ CALDAS,"RUA AFONSO CELSO PUPE DA SILVEIRA, 25",3
112,536,ITAMARATI - ESC. EST. DE ENS. FUNDAMENTAL,"AV. FRANCISCO RODOLFO SIMCH, 617 - PASSO DA MANGUEIRA",3
112,538,ESCOLA EST. DE ENS. MÉDIO REPÚBLICA ARGENTINA,"AV.  BOGOTÁ, 789",3
112,540,PORTO ALEGRE - ESCOLA ESTADUAL DE ENSINO FUNDAMENTAL,"RUA JOAO DALLEGRAVE, 130",3
112,1,LINDÓIA TÊNIS CLUBE,"RUA COMANDANTE GUSTAVO CRAMER, 90",2
112,8,ESCOLA ESTADUAL DOM DIOGO DE SOUZA,"RUA ADÃO BAINO, 206",2
112,17,COLÉGIO ESTADUAL PROF. ELMANO LAUFFER LEAL,"RUA TENENTE ARY TARRAGÔ, 3345",2
112,32,COLÉGIO SINODAL DO SALVADOR,"AV. MATHILDE TREIN RENNER, 55",2
112,34,INSTITUTO EDUCACIONAL SÃO JUDAS TADEU,"RUA DOM DIOGO DE SOUZA, 100",2
112,59,INSTITUTO EDUCACIONAL SÃO JUDAS TADEU,"RUA DOM DIOGO DE SOUZA, 100",2
112,70,COLÉGIO SANTA DOROTÉIA,"RUA MALI, 405",2
112,113,COLÉGIO SANTA DOROTÉIA,"RUA MALI, 405",2
112,115,ESCOLA ESTADUAL ENSINO BÁSICO GOMES CARNEIRO,"PRAÇA ENGENHEIRO PAULO DE ARAGÃO BOZANO, S/N",2
112,121,ESCOLA DE ENSINO FUNDAMENTAL E MÉDIO ITÁLIA,"AV. PROFESSOR PAULA SOARES, 1095",2
112,157,ESCOLA ESTADUAL DOM DIOGO DE SOUZA,"RUA ADÃO BAINO, 206",2
112,167,COLÉGIO SANTA DOROTÉIA,"RUA MALI, 405",2
112,191,ESCOLA ESTADUAL DE ENSINO FUNDAMENTAL ANA NÉRI,"RUA JOAQUIM SILVEIRA, 730",2
112,215,COLÉGIO SINODAL DO SALVADOR,"AV. MATHILDE TREIN RENNER, 55",2
112,238,COLÉGIO SANTA DOROTÉIA,"RUA MALI, 405",2
112,245,ESCOLA DE ENSINO FUNDAMENTAL E MÉDIO RUBEN BERTA,"AV. SATURNINO DE BRITO, 1400",2
112,271,ESCOLA SÃO LUIZ GUANELLA,"AV BENNO MENTZ, 1560",2
112,274,ESCOLA SÃO LUIZ GUANELLA,"AV BENNO MENTZ, 1560",2
112,280,ESCOLA DE ENSINO FUNDAMENTAL E MÉDIO RUBEN BERTA,"AV. SATURNINO DE BRITO, 1400",2
112,290,ESCOLA EST. DE ENS. MÉDIO REPÚBLICA ARGENTINA,"AV.  BOGOTÁ, 789",2
112,324,ESCOLA DE ENSINO FUNDAMENTAL E MÉDIO RUBEN BERTA,"AV. SATURNINO DE BRITO, 1400",2
112,348,EDUCANDÁRIO SÃO LUIZ,"RUA NICOLAU COELHO, 58",2
112,353,LINDÓIA TÊNIS CLUBE,"RUA COMANDANTE GUSTAVO CRAMER, 90",2
112,374,ESCOLA ESTADUAL DE ENSINO FUNDAMENTAL JAPÃO,"RUA ENRICO CARUSO, 444",2
112,383,ESCOLA DE ENSINO FUNDAMENTAL E MÉDIO JOSÉ CÉSAR MESQUITA,"AV. DO FORTE, 77",2
112,386,ESCOLA EST. DE ENS. MÉDIO REPÚBLICA ARGENTINA,"AV.  BOGOTÁ, 789",2
112,391,ESCOLA EST. DE ENS. MÉDIO REPÚBLICA ARGENTINA,"AV.  BOGOTÁ, 789",2
112,393,ESCOLA ESTADUAL BRIGADEIRO FRANCISCO DE LIMA E SILVA,"RUA TUNÍSIA, 60",2
112,411,ESCOLA DE ENSINO FUNDAMENTAL E MÉDIO JOSÉ CÉSAR MESQUITA,"AV. DO FORTE, 77",2
112,414,ESCOLA DE ENSINO FUNDAMENTAL E MÉDIO JOSÉ CÉSAR MESQUITA,"AV. DO FORTE, 77",2
112,415,COLÉGIO ROMANO SENHOR BOM JESUS,"RUA IRMÃO INOCÊNCIO LUIZ, 21",2
112,419,ESCOLA ESTADUAL BRIGADEIRO FRANCISCO DE LIMA E SILVA,"RUA TUNÍSIA, 60",2
112,423,PRESIDENTE VARGAS - ESC. MUNICIPAL DE ENS. FUNDAMENTAL,"RUA ANA AURORA DO AMARAL LISBOA, 60",2
112,425,PRESIDENTE VARGAS - ESC. MUNICIPAL DE ENS. FUNDAMENTAL,"RUA ANA AURORA DO AMARAL LISBOA, 60",2
112,426,PRESIDENTE VARGAS - ESC. MUNICIPAL DE ENS. FUNDAMENTAL,"RUA ANA AURORA DO AMARAL LISBOA, 60",2
112,428,PRESIDENTE VARGAS - ESC. MUNICIPAL DE ENS. FUNDAMENTAL,"RUA ANA AURORA DO AMARAL LISBOA, 60",2
112,434,PRESIDENTE VARGAS - ESC. MUNICIPAL DE ENS. FUNDAMENTAL,"RUA ANA AURORA DO AMARAL LISBOA, 60",2
112,437,PRESIDENTE VARGAS - ESC. MUNICIPAL DE ENS. FUNDAMENTAL,"RUA ANA AURORA DO AMARAL LISBOA, 60",2
112,444,PRES. ARTHUR DA COSTA E SILVA - COLEGIO EST. DE ENS. MEDIO,"RUA BADEN POWELL, 409 - PARQUE MINUANO",2
112,445,PRES. ARTHUR DA COSTA E SILVA - COLEGIO EST. DE ENS. MEDIO,"RUA BADEN POWELL, 409 - PARQUE MINUANO",2
112,450,PRES. ARTHUR DA COSTA E SILVA - COLEGIO EST. DE ENS. MEDIO,"RUA BADEN POWELL, 409 - PARQUE MINUANO",2
112,452,ITAMARATI - ESC. EST. DE ENS. FUNDAMENTAL,"AV. FRANCISCO RODOLFO SIMCH, 617 - PASSO DA MANGUEIRA",2
112,454,ITAMARATI - ESC. EST. DE ENS. FUNDAMENTAL,"AV. FRANCISCO RODOLFO SIMCH, 617 - PASSO DA MANGUEIRA",2
112,465,LIDIA MOSCHETTI - ESC. EST. DE ENS. FUNDAMENTAL,"AV. SILVESTRE FELIX RODRIGUES, 1000",2
112,470,LIDIA MOSCHETTI - ESC. EST. DE ENS. FUNDAMENTAL,"AV. SILVESTRE FELIX RODRIGUES, 1000",2
112,477,DR. FERREIRA DE ABREU - ESC. EST. DE ENS. FUNDAMENTAL,"RUA BATOVI, 25 - VILA LEAO",2
112,478,COLÉGIO KENNEDY,"AV. ALCIDES SÃO SEVERINO, 99",2
112,480,COLÉGIO KENNEDY,"AV. ALCIDES SÃO SEVERINO, 99",2
112,481,COLÉGIO KENNEDY,"AV. ALCIDES SÃO SEVERINO, 99",2
112,485,CLUBE COMERCIAL SARANDI,"AV. SALVADOR LEAO, 277 - VILA LEAO",2
112,496,ESCOLA MUNICIPAL PEPITA DE LEAO,"RUA ESTADIO, 29",2
112,516,PROF. MARIETA DA CUNHA SILVA - ESC. EST. DE ENS. FUNDAMENTAL,"RUA PAULO MADUREIRA COELHO, 165 - VILA PETROPOLIS",2
112,519,AMERICA - ESCOLA ESTADUAL DE ENSINO FUNDAMENTAL,"RUA OCTACILIO JOSE DIAS, S/N",2
112,521,ESCOLA DE ENSINO FUNDAMENTAL E MÉDIO JOSÉ CÉSAR MESQUITA,"AV. DO FORTE, 77",2
112,526,ESCOLA ESTADUAL DE EDUCAÇÃO BÁSICA DOLORES ALCARAZ CALDAS,"RUA AFONSO CELSO PUPE DA SILVEIRA, 25",2
112,527,LINDÓIA TÊNIS CLUBE,"RUA COMANDANTE GUSTAVO CRAMER, 90",2
112,529,COLÉGIO ESTADUAL PROF. ELMANO LAUFFER LEAL,"RUA TENENTE ARY TARRAGÔ, 3345",2
112,531,ESCOLA ESTADUAL ENSINO BÁSICO GOMES CARNEIRO,"PRAÇA ENGENHEIRO PAULO DE ARAGÃO BOZANO, S/N",2
112,533,PORTO ALEGRE - ESCOLA ESTADUAL DE ENSINO FUNDAMENTAL,"RUA JOAO DALLEGRAVE, 130",2
112,541,ESCOLA ESTADUAL BRIGADEIRO FRANCISCO DE LIMA E SILVA,"RUA TUNÍSIA, 60",2
112,5,ESCOLA ESTADUAL ENSINO BÁSICO GOMES CARNEIRO,"PRAÇA ENGENHEIRO PAULO DE ARAGÃO BOZANO, S/N",1
112,38,ESCOLA EST. DE ENS. MÉDIO REPÚBLICA ARGENTINA,"AV.  BOGOTÁ, 789",1
112,41,ESCOLA SÃO LUIZ GUANELLA,"AV BENNO MENTZ, 1560",1
112,53,INSTITUTO EDUCACIONAL SÃO JUDAS TADEU,"RUA DOM DIOGO DE SOUZA, 100",1
112,57,ESCOLA SÃO LUIZ GUANELLA,"AV BENNO MENTZ, 1560",1
112,103,ESCOLA SÃO LUIZ GUANELLA,"AV BENNO MENTZ, 1560",1
112,112,ESCOLA ESTADUAL DOM DIOGO DE SOUZA,"RUA ADÃO BAINO, 206",1
112,117,INSTITUTO EDUCACIONAL SÃO JUDAS TADEU,"RUA DOM DIOGO DE SOUZA, 100",1
112,162,ESCOLA DE ENSINO FUNDAMENTAL E MÉDIO RUBEN BERTA,"AV. SATURNINO DE BRITO, 1400",1
112,208,ESCOLA ESTADUAL DOM DIOGO DE SOUZA,"RUA ADÃO BAINO, 206",1
112,230,ESCOLA ESTADUAL DE ENSINO FUNDAMENTAL ANA NÉRI,"RUA JOAQUIM SILVEIRA, 730",1
112,236,INSTITUTO EDUCACIONAL SÃO JUDAS TADEU,"RUA DOM DIOGO DE SOUZA, 100",1
112,272,ESCOLA ESTADUAL DOM DIOGO DE SOUZA,"RUA ADÃO BAINO, 206",1
112,341,ESCOLA DE ENSINO FUNDAMENTAL E MÉDIO RUBEN BERTA,"AV. SATURNINO DE BRITO, 1400",1
112,343,INSTITUTO EDUCACIONAL SÃO JUDAS TADEU,"RUA DOM DIOGO DE SOUZA, 100",1
112,354,ESCOLA ESTADUAL DE ENSINO FUNDAMENTAL ANA NÉRI,"RUA JOAQUIM SILVEIRA, 730",1
112,381,ESCOLA DE ENSINO FUNDAMENTAL E MÉDIO RUBEN BERTA,"AV. SATURNINO DE BRITO, 1400",1
112,382,EDUCANDÁRIO SÃO LUIZ,"RUA NICOLAU COELHO, 58",1
112,384,ESCOLA ESTADUAL BRIGADEIRO FRANCISCO DE LIMA E SILVA,"RUA TUNÍSIA, 60",1
112,392,ESCOLA ESTADUAL ENSINO BÁSICO GOMES CARNEIRO,"PRAÇA ENGENHEIRO PAULO DE ARAGÃO BOZANO, S/N",1
112,395,ESCOLA DE ENSINO FUNDAMENTAL E MÉDIO ITÁLIA,"AV. PROFESSOR PAULA SOARES, 1095",1
112,403,COLÉGIO SINODAL DO SALVADOR,"AV. MATHILDE TREIN RENNER, 55",1
112,406,EDUCANDÁRIO SÃO LUIZ,"RUA NICOLAU COELHO, 58",1
112,416,ESCOLA DE ENSINO FUNDAMENTAL E MÉDIO JOSÉ CÉSAR MESQUITA,"AV. DO FORTE, 77",1
112,421,PRESIDENTE VARGAS - ESC. MUNICIPAL DE ENS. FUNDAMENTAL,"RUA ANA AURORA DO AMARAL LISBOA, 60",1
112,422,PRESIDENTE VARGAS - ESC. MUNICIPAL DE ENS. FUNDAMENTAL,"RUA ANA AURORA DO AMARAL LISBOA, 60",1
112,427,PRESIDENTE VARGAS - ESC. MUNICIPAL DE ENS. FUNDAMENTAL,"RUA ANA AURORA DO AMARAL LISBOA, 60",1
112,429,PRESIDENTE VARGAS - ESC. MUNICIPAL DE ENS. FUNDAMENTAL,"RUA ANA AURORA DO AMARAL LISBOA, 60",1
112,431,PRESIDENTE VARGAS - ESC. MUNICIPAL DE ENS. FUNDAMENTAL,"RUA ANA AURORA DO AMARAL LISBOA, 60",1
112,433,PRESIDENTE VARGAS - ESC. MUNICIPAL DE ENS. FUNDAMENTAL,"RUA ANA AURORA DO AMARAL LISBOA, 60",1
112,436,PRESIDENTE VARGAS - ESC. MUNICIPAL DE ENS. FUNDAMENTAL,"RUA ANA AURORA DO AMARAL LISBOA, 60",1
112,438,PRES. ARTHUR DA COSTA E SILVA - COLEGIO EST. DE ENS. MEDIO,"RUA BADEN POWELL, 409 - PARQUE MINUANO",1
112,446,PRES. ARTHUR DA COSTA E SILVA - COLEGIO EST. DE ENS. MEDIO,"RUA BADEN POWELL, 409 - PARQUE MINUANO",1
112,449,PRES. ARTHUR DA COSTA E SILVA - COLEGIO EST. DE ENS. MEDIO,"RUA BADEN POWELL, 409 - PARQUE MINUANO",1
112,474,DR. FERREIRA DE ABREU - ESC. EST. DE ENS. FUNDAMENTAL,"RUA BATOVI, 25 - VILA LEAO",1
112,491,ESCOLA MUNICIPAL PEPITA DE LEAO,"RUA ESTADIO, 29",1
112,492,ESCOLA MUNICIPAL PEPITA DE LEAO,"RUA ESTADIO, 29",1
112,494,ESCOLA MUNICIPAL PEPITA DE LEAO,"RUA ESTADIO, 29",1
112,495,ESCOLA MUNICIPAL PEPITA DE LEAO,"RUA ESTADIO, 29",1
112,498,ESCOLA MUNICIPAL PEPITA DE LEAO,"RUA ESTADIO, 29",1
112,499,ESCOLA MUNICIPAL PEPITA DE LEAO,"RUA ESTADIO, 29",1
112,500,ESCOLA MUNICIPAL PEPITA DE LEAO,"RUA ESTADIO, 29",1
112,501,ESCOLA MUNICIPAL PEPITA DE LEAO,"RUA ESTADIO, 29",1
112,505,LAURO RODRIGUES - ESC. MUNICIPAL DE ENS. FUNDAMENTAL,"RUA DR. MARINO ABRAHAO, 240",1
112,506,LAURO RODRIGUES - ESC. MUNICIPAL DE ENS. FUNDAMENTAL,"RUA DR. MARINO ABRAHAO, 240",1
112,509,LAURO RODRIGUES - ESC. MUNICIPAL DE ENS. FUNDAMENTAL,"RUA DR. MARINO ABRAHAO, 240",1
112,512,LAURO RODRIGUES - ESC. MUNICIPAL DE ENS. FUNDAMENTAL,"RUA DR. MARINO ABRAHAO, 240",1
112,524,DR. FERREIRA DE ABREU - ESC. EST. DE ENS. FUNDAMENTAL,"RUA BATOVI, 25 - VILA LEAO",1
112,532,ESCOLA ESTADUAL ENSINO BÁSICO GOMES CARNEIRO,"PRAÇA ENGENHEIRO PAULO DE ARAGÃO BOZANO, S/N",1
113,452,EDGAR LUIZ SCHNEIDER - ESCOLA ESTADUAL,"AV. ELIAS CIRNE LIMA, 100 - ESQ. AV. BENTO GONCALVES",29
113,461,EDGAR LUIZ SCHNEIDER - ESCOLA ESTADUAL,"AV. ELIAS CIRNE LIMA, 100 - ESQ. AV. BENTO GONCALVES",24
113,462,EDGAR LUIZ SCHNEIDER - ESCOLA ESTADUAL,"AV. ELIAS CIRNE LIMA, 100 - ESQ. AV. BENTO GONCALVES",23
113,453,EDGAR LUIZ SCHNEIDER - ESCOLA ESTADUAL,"AV. ELIAS CIRNE LIMA, 100 - ESQ. AV. BENTO GONCALVES",21
113,455,EDGAR LUIZ SCHNEIDER - ESCOLA ESTADUAL,"AV. ELIAS CIRNE LIMA, 100 - ESQ. AV. BENTO GONCALVES",19
113,456,EDGAR LUIZ SCHNEIDER - ESCOLA ESTADUAL,"AV. ELIAS CIRNE LIMA, 100 - ESQ. AV. BENTO GONCALVES",19
113,457,EDGAR LUIZ SCHNEIDER - ESCOLA ESTADUAL,"AV. ELIAS CIRNE LIMA, 100 - ESQ. AV. BENTO GONCALVES",19
113,460,EDGAR LUIZ SCHNEIDER - ESCOLA ESTADUAL,"AV. ELIAS CIRNE LIMA, 100 - ESQ. AV. BENTO GONCALVES",17
113,458,EDGAR LUIZ SCHNEIDER - ESCOLA ESTADUAL,"AV. ELIAS CIRNE LIMA, 100 - ESQ. AV. BENTO GONCALVES",16
113,459,EDGAR LUIZ SCHNEIDER - ESCOLA ESTADUAL,"AV. ELIAS CIRNE LIMA, 100 - ESQ. AV. BENTO GONCALVES",14
113,454,EDGAR LUIZ SCHNEIDER - ESCOLA ESTADUAL,"AV. ELIAS CIRNE LIMA, 100 - ESQ. AV. BENTO GONCALVES",13
113,140,MAURICIO SIROTSKY SOBRINHO - ESCOLA ESTADUAL,"RUA PADRE CALDAS, 59",10
113,502,GEMA ANGELINA BELIA - ESCOLA ESTADUAL,"AV. ANTONIO DE CARVALHO, 495",10
113,446,GEMA ANGELINA BELIA - ESCOLA ESTADUAL,"AV. ANTONIO DE CARVALHO, 495",9
113,477,PROF. LEA ROSA CECCHINI BRUM - ESCOLA ESTADUAL,"RUA JOSÉ ALBANO WOLKMER, 347 (ESQ RUA MARTA COSTA FRANZEN)",9
113,310,OTAVIO ROCHA - ESCOLA ESTADUAL,"RUA GUILHERME ALVES, 1900",8
113,368,NOSSA SENHORA DA GLORIA - COLEGIO,"AV. PROF. OSCAR PEREIRA, 3052",8
113,448,GEMA ANGELINA BELIA - ESCOLA ESTADUAL,"AV. ANTONIO DE CARVALHO, 495",8
113,478,PROF. OTAVIO DE SOUZA - ESCOLA ESTADUAL (SEÇÕES DO SALÃO PAROQUIAL),"RUA AFONSO RODRIGUES, 100",8
113,21,OTAVIO ROCHA - ESCOLA ESTADUAL,"RUA GUILHERME ALVES, 1900",7
113,66,SANTO ANTONIO - COLEGIO,"RUA LUIZ DE CAMOES, 372",7
113,135,NOSSA SENHORA DA GLORIA - COLEGIO,"AV. PROF. OSCAR PEREIRA, 3052",7
113,138,SANTO ANTONIO - COLEGIO,"RUA LUIZ DE CAMOES, 372",7
113,240,MAURICIO SIROTSKY SOBRINHO - ESCOLA ESTADUAL,"RUA PADRE CALDAS, 59",7
113,263,NOSSA SENHORA DA GLORIA - COLEGIO,"AV. PROF. OSCAR PEREIRA, 3052",7
113,270,MAURICIO SIROTSKY SOBRINHO - ESCOLA ESTADUAL,"RUA PADRE CALDAS, 59",7
113,405,FERNANDO GOMES - ESCOLA ESTADUAL,"RUA PROF. FREDERICO GUILHERME GAELZER, 168",7
113,432,GEN. IBA ILHA MOREIRA - ESCOLA ESTADUAL,"RUA UM, S/N - CEFER I",7
113,438,GEN. IBA ILHA MOREIRA - ESCOLA ESTADUAL,"RUA UM, S/N - CEFER I",7
113,449,GEMA ANGELINA BELIA - ESCOLA ESTADUAL,"AV. ANTONIO DE CARVALHO, 495",7
113,451,GEMA ANGELINA BELIA - ESCOLA ESTADUAL,"AV. ANTONIO DE CARVALHO, 495",7
113,494,PROF. OTAVIO DE SOUZA - ESCOLA ESTADUAL (SEÇÕES DO SALÃO PAROQUIAL),"RUA AFONSO RODRIGUES, 100",7
113,11,PADRE BALDUINO RAMBO - ESCOLA ESTADUAL,"RUA HUMBERTO DE CAMPOS, 130",6
113,12,MAURICIO SIROTSKY SOBRINHO - ESCOLA ESTADUAL,"RUA PADRE CALDAS, 59",6
113,50,PROF. LEOPOLDO TIETBOHL - ESCOLA ESTADUAL,"RUA RIVEIRA, 400",6
113,98,OTAVIO ROCHA - ESCOLA ESTADUAL,"RUA GUILHERME ALVES, 1900",6
113,99,PADRE BALDUINO RAMBO - ESCOLA ESTADUAL,"RUA HUMBERTO DE CAMPOS, 130",6
113,139,ESEF - ESCOLA SUPERIOR DE EDUCACAO FISICA,"RUA FELIZARDO, 750",6
113,144,PROF. LEOPOLDO TIETBOHL - ESCOLA ESTADUAL,"RUA RIVEIRA, 400",6
113,173,OTAVIO ROCHA - ESCOLA ESTADUAL,"RUA GUILHERME ALVES, 1900",6
113,212,SANTO ANTONIO - COLEGIO,"RUA LUIZ DE CAMOES, 372",6
113,293,PROF. LEOPOLDO TIETBOHL - ESCOLA ESTADUAL,"RUA RIVEIRA, 400",6
113,330,PADRE RAMBO - ESCOLA ESTADUAL,"AV. BENTO GONCALVES, 1731",6
113,338,OTAVIO ROCHA - ESCOLA ESTADUAL,"RUA GUILHERME ALVES, 1900",6
113,388,ANTAO DE FARIA - ESCOLA ESTADUAL,"RUA BOM JESUS, 505",6
113,396,COELHO NETO - ESCOLA ESTADUAL,"RUA ALEXANDRE HERCULANO, 11",6
113,406,FERNANDO GOMES - ESCOLA ESTADUAL,"RUA PROF. FREDERICO GUILHERME GAELZER, 168",6
113,439,GEN. IBA ILHA MOREIRA - ESCOLA ESTADUAL,"RUA UM, S/N - CEFER I",6
113,445,GEMA ANGELINA BELIA - ESCOLA ESTADUAL,"AV. ANTONIO DE CARVALHO, 495",6
113,495,PROF. LEA ROSA CECCHINI BRUM - ESCOLA ESTADUAL,"RUA JOSÉ ALBANO WOLKMER, 347 (ESQ RUA MARTA COSTA FRANZEN)",6
113,29,PROF. OTAVIO DE SOUZA - ESCOLA ESTADUAL,"RUA AFONSO RODRIGUES, 100",5
113,31,OTAVIO ROCHA - ESCOLA ESTADUAL,"RUA GUILHERME ALVES, 1900",5
113,32,PADRE BALDUINO RAMBO - ESCOLA ESTADUAL,"RUA HUMBERTO DE CAMPOS, 130",5
113,46,DOM PEDRO I - ESCOLA ESTADUAL,"RUA PEDRO BOTICARIO, 654",5
113,57,SANTA INES - COLEGIO,"AV PROTASIO ALVES, 2493",5
113,63,ESEF - ESCOLA SUPERIOR DE EDUCACAO FISICA,"RUA FELIZARDO, 750",5
113,89,PROF. LEOPOLDO TIETBOHL - ESCOLA ESTADUAL,"RUA RIVEIRA, 400",5
113,106,MAURICIO SIROTSKY SOBRINHO - ESCOLA ESTADUAL,"RUA PADRE CALDAS, 59",5
113,186,GREMIO NAUTICO UNIAO - SEDE PETROPOLE TENIS CLUBE,"RUA REIS LOUZADA, 166 (GINASIO)",5
113,243,ASSOCIACAO ISRAELITA - CIRCULO SOCIAL E ESPORTIVO,"AV PROTASIO ALVES, 3435",5
113,280,PADRE RAMBO - ESCOLA ESTADUAL,"AV. BENTO GONCALVES, 1731",5
113,304,PADRE RAMBO - ESCOLA ESTADUAL,"AV. BENTO GONCALVES, 1731",5
113,308,OTAVIO ROCHA - ESCOLA ESTADUAL,"RUA GUILHERME ALVES, 1900",5
113,329,SANTO ANTONIO - COLEGIO,"RUA LUIZ DE CAMOES, 372",5
113,358,GREMIO NAUTICO UNIAO - SEDE PETROPOLE TENIS CLUBE,"RUA REIS LOUZADA, 166 (GINASIO)",5
113,362,NOSSA SENHORA DA GLORIA - COLEGIO,"AV. PROF. OSCAR PEREIRA, 3052",5
113,370,ESEF - ESCOLA SUPERIOR DE EDUCACAO FISICA,"RUA FELIZARDO, 750",5
113,383,ANTAO DE FARIA - ESCOLA ESTADUAL,"RUA BOM JESUS, 505",5
113,384,ANTAO DE FARIA - ESCOLA ESTADUAL,"RUA BOM JESUS, 505",5
113,390,ANTAO DE FARIA - ESCOLA ESTADUAL,"RUA BOM JESUS, 505",5
113,392,ANTAO DE FARIA - ESCOLA ESTADUAL,"RUA BOM JESUS, 505",5
113,408,FERNANDO GOMES - ESCOLA ESTADUAL,"RUA PROF. FREDERICO GUILHERME GAELZER, 168",5
113,416,NOSSA SENHORA DE FATIMA - ESCOLA MUNICIPAL,"RUA A, 15 - VILA NOSSA SENHORA DE FATIMA",5
113,419,NOSSA SENHORA DE FATIMA - ESCOLA MUNICIPAL,"RUA A, 15 - VILA NOSSA SENHORA DE FATIMA",5
113,420,NOSSA SENHORA DE FATIMA - ESCOLA MUNICIPAL,"RUA A, 15 - VILA NOSSA SENHORA DE FATIMA",5
113,429,ERICO VERISSIMO - ESCOLA ESTADUAL,"RUA COM. EDUARDO SECCO, S/N - IPE I",5
113,434,GEN. IBA ILHA MOREIRA - ESCOLA ESTADUAL,"RUA UM, S/N - CEFER I",5
113,442,GEMA ANGELINA BELIA - ESCOLA ESTADUAL,"AV. ANTONIO DE CARVALHO, 495",5
113,447,GEMA ANGELINA BELIA - ESCOLA ESTADUAL,"AV. ANTONIO DE CARVALHO, 495",5
113,463,ALDO LOCATELLI - ESCOLA ESTADUAL,"RUA THOMAZ FRANCISCO DE JESUS, S/N - VILA BRASILIA",5
113,465,ALDO LOCATELLI - ESCOLA ESTADUAL,"RUA THOMAZ FRANCISCO DE JESUS, S/N - VILA BRASILIA",5
113,484,NOSSA SENHORA DE FATIMA - ESCOLA MUNICIPAL,"RUA A, 15 - VILA NOSSA SENHORA DE FATIMA",5
113,492,FERNANDO GOMES - ESCOLA ESTADUAL,"RUA PROF. FREDERICO GUILHERME GAELZER, 168",5
113,4,PADRE BALDUINO RAMBO - ESCOLA ESTADUAL,"RUA HUMBERTO DE CAMPOS, 130",4
113,35,PROF. LEOPOLDO TIETBOHL - ESCOLA ESTADUAL,"RUA RIVEIRA, 400",4
113,36,PROF. LEOPOLDO TIETBOHL - ESCOLA ESTADUAL,"RUA RIVEIRA, 400",4
113,38,GREMIO NAUTICO UNIAO - SEDE PETROPOLE TENIS CLUBE,"RUA REIS LOUZADA, 166 (GINASIO)",4
113,41,PADRE BALDUINO RAMBO - ESCOLA ESTADUAL,"RUA HUMBERTO DE CAMPOS, 130",4
113,42,SANTO ANTONIO - COLEGIO,"RUA LUIZ DE CAMOES, 372",4
113,44,GREMIO NAUTICO UNIAO - SEDE PETROPOLE TENIS CLUBE,"RUA REIS LOUZADA, 166 (GINASIO)",4
113,51,PADRE RAMBO - ESCOLA ESTADUAL,"AV. BENTO GONCALVES, 1731",4
113,75,PADRE BALDUINO RAMBO - ESCOLA ESTADUAL,"RUA HUMBERTO DE CAMPOS, 130",4
113,83,CEL. APARICIO BORGES - ESCOLA ESTADUAL,"AV. CEL. APARICIO BORGES, 2160",4
113,112,SANTO ANTONIO - COLEGIO,"RUA LUIZ DE CAMOES, 372",4
113,124,PADRE BALDUINO RAMBO - ESCOLA ESTADUAL,"RUA HUMBERTO DE CAMPOS, 130",4
113,126,PADRE BALDUINO RAMBO - ESCOLA ESTADUAL,"RUA HUMBERTO DE CAMPOS, 130",4
113,153,PARTENON TENIS CLUBE,"RUA PADRE CALDAS, 21 - GINÁSIO",4
113,167,SANTO ANTONIO - COLEGIO,"RUA LUIZ DE CAMOES, 372",4
113,189,SANTA INES - COLEGIO,"AV PROTASIO ALVES, 2493",4
113,206,OTAVIO ROCHA - ESCOLA ESTADUAL,"RUA GUILHERME ALVES, 1900",4
113,214,SANTA INES - COLEGIO,"AV PROTASIO ALVES, 2493",4
113,218,PARTENON TENIS CLUBE,"RUA PADRE CALDAS, 21 - GINÁSIO",4
113,227,NOSSA SENHORA DA GLORIA - COLEGIO,"AV. PROF. OSCAR PEREIRA, 3052",4
113,238,GREMIO NAUTICO UNIAO - SEDE PETROPOLE TENIS CLUBE,"RUA REIS LOUZADA, 166 (GINASIO)",4
113,273,SANTA INES - COLEGIO,"AV PROTASIO ALVES, 2493",4
113,275,OTAVIO ROCHA - ESCOLA ESTADUAL,"RUA GUILHERME ALVES, 1900",4
113,277,NOSSA SENHORA DA GLORIA - COLEGIO,"AV. PROF. OSCAR PEREIRA, 3052",4
113,279,PADRE BALDUINO RAMBO - ESCOLA ESTADUAL,"RUA HUMBERTO DE CAMPOS, 130",4
113,289,SANTO ANTONIO - COLEGIO,"RUA LUIZ DE CAMOES, 372",4
113,290,ESEF - ESCOLA SUPERIOR DE EDUCACAO FISICA,"RUA FELIZARDO, 750",4
113,331,OTAVIO ROCHA - ESCOLA ESTADUAL,"RUA GUILHERME ALVES, 1900",4
113,342,PROF. LEOPOLDO TIETBOHL - ESCOLA ESTADUAL,"RUA RIVEIRA, 400",4
113,346,ESEF - ESCOLA SUPERIOR DE EDUCACAO FISICA,"RUA FELIZARDO, 750",4
113,348,SANTO ANTONIO - COLEGIO,"RUA LUIZ DE CAMOES, 372",4
113,351,NOSSA SENHORA DA GLORIA - COLEGIO,"AV. PROF. OSCAR PEREIRA, 3052",4
113,360,ESEF - ESCOLA SUPERIOR DE EDUCACAO FISICA,"RUA FELIZARDO, 750",4
113,391,ANTAO DE FARIA - ESCOLA ESTADUAL,"RUA BOM JESUS, 505",4
113,393,COELHO NETO - ESCOLA ESTADUAL,"RUA ALEXANDRE HERCULANO, 11",4
113,399,COELHO NETO - ESCOLA ESTADUAL,"RUA ALEXANDRE HERCULANO, 11",4
113,400,COELHO NETO - ESCOLA ESTADUAL,"RUA ALEXANDRE HERCULANO, 11",4
113,413,NOSSA SENHORA DE FATIMA - ESCOLA MUNICIPAL,"RUA A, 15 - VILA NOSSA SENHORA DE FATIMA",4
113,415,NOSSA SENHORA DE FATIMA - ESCOLA MUNICIPAL,"RUA A, 15 - VILA NOSSA SENHORA DE FATIMA",4
113,421,NOSSA SENHORA DE FATIMA - ESCOLA MUNICIPAL,"RUA A, 15 - VILA NOSSA SENHORA DE FATIMA",4
113,424,ERICO VERISSIMO - ESCOLA ESTADUAL,"RUA COM. EDUARDO SECCO, S/N - IPE I",4
113,427,ERICO VERISSIMO - ESCOLA ESTADUAL,"RUA COM. EDUARDO SECCO, S/N - IPE I",4
113,430,ERICO VERISSIMO - ESCOLA ESTADUAL,"RUA COM. EDUARDO SECCO, S/N - IPE I",4
113,431,GEN. IBA ILHA MOREIRA - ESCOLA ESTADUAL,"RUA UM, S/N - CEFER I",4
113,437,GEN. IBA ILHA MOREIRA - ESCOLA ESTADUAL,"RUA UM, S/N - CEFER I",4
113,441,GEMA ANGELINA BELIA - ESCOLA ESTADUAL,"AV. ANTONIO DE CARVALHO, 495",4
113,450,GEMA ANGELINA BELIA - ESCOLA ESTADUAL,"AV. ANTONIO DE CARVALHO, 495",4
113,471,JOSE MARIANO BECK - ESCOLA MUNICIPAL,"AV. JOAQUIM PORTO VILLANOVA, 135 - VILA PINTO",4
113,482,PROF. LEA ROSA CECCHINI BRUM - ESCOLA ESTADUAL,"RUA JOSÉ ALBANO WOLKMER, 347 (ESQ RUA MARTA COSTA FRANZEN)",4
113,487,GEN. IBA ILHA MOREIRA - ESCOLA ESTADUAL,"RUA UM, S/N - CEFER I",4
113,488,GEMA ANGELINA BELIA - ESCOLA ESTADUAL,"AV. ANTONIO DE CARVALHO, 495",4
113,493,ALDO LOCATELLI - ESCOLA ESTADUAL,"RUA THOMAZ FRANCISCO DE JESUS, S/N - VILA BRASILIA",4
113,498,GINASIO - PARQUE ARARIGBOIA,"RUA SAICÃ, 06",4
113,499,PROF. LEA ROSA CECCHINI BRUM - ESCOLA ESTADUAL,"RUA JOSÉ ALBANO WOLKMER, 347 (ESQ RUA MARTA COSTA FRANZEN)",4
113,9,DR. EMILIO KEMP - ESCOLA ESTADUAL,"RUA MONTEIRO LOBATO, 475",3
113,15,CEL. APARICIO BORGES - ESCOLA ESTADUAL,"AV. CEL. APARICIO BORGES, 2160",3
113,24,NOSSA SENHORA DA GLORIA - COLEGIO,"AV. PROF. OSCAR PEREIRA, 3052",3
113,26,SANTA INES - COLEGIO,"AV PROTASIO ALVES, 2493",3
113,28,DOM PEDRO I - ESCOLA ESTADUAL,"RUA PEDRO BOTICARIO, 654",3
113,33,PROF. OTAVIO DE SOUZA - ESCOLA ESTADUAL,"RUA AFONSO RODRIGUES, 100",3
113,72,MAURICIO SIROTSKY SOBRINHO - ESCOLA ESTADUAL,"RUA PADRE CALDAS, 59",3
113,108,PROF. OTAVIO DE SOUZA - ESCOLA ESTADUAL,"RUA AFONSO RODRIGUES, 100",3
113,120,PROF. OTAVIO DE SOUZA - ESCOLA ESTADUAL,"RUA AFONSO RODRIGUES, 100",3
113,136,PARTENON TENIS CLUBE,"RUA PADRE CALDAS, 21 - GINÁSIO",3
113,147,PADRE RAMBO - ESCOLA ESTADUAL,"AV. BENTO GONCALVES, 1731",3
113,151,OTAVIO ROCHA - ESCOLA ESTADUAL,"RUA GUILHERME ALVES, 1900",3
113,172,MAURICIO SIROTSKY SOBRINHO - ESCOLA ESTADUAL,"RUA PADRE CALDAS, 59",3
113,184,NOSSA SENHORA DA GLORIA - COLEGIO,"AV. PROF. OSCAR PEREIRA, 3052",3
113,188,ESEF - ESCOLA SUPERIOR DE EDUCACAO FISICA,"RUA FELIZARDO, 750",3
113,190,DOM PEDRO I - ESCOLA ESTADUAL,"RUA PEDRO BOTICARIO, 654",3
113,194,SANTO ANTONIO - COLEGIO,"RUA LUIZ DE CAMOES, 372",3
113,201,PADRE BALDUINO RAMBO - ESCOLA ESTADUAL,"RUA HUMBERTO DE CAMPOS, 130",3
113,211,PROF. OTAVIO DE SOUZA - ESCOLA ESTADUAL,"RUA AFONSO RODRIGUES, 100",3
113,225,PROF. LEOPOLDO TIETBOHL - ESCOLA ESTADUAL,"RUA RIVEIRA, 400",3
113,241,PROF. LEOPOLDO TIETBOHL - ESCOLA ESTADUAL,"RUA RIVEIRA, 400",3
113,247,ESEF - ESCOLA SUPERIOR DE EDUCACAO FISICA,"RUA FELIZARDO, 750",3
113,249,SANTA INES - COLEGIO,"AV PROTASIO ALVES, 2493",3
113,265,SANTO ANTONIO - COLEGIO,"RUA LUIZ DE CAMOES, 372",3
113,268,NOSSA SENHORA DA GLORIA - COLEGIO,"AV. PROF. OSCAR PEREIRA, 3052",3
113,269,PADRE RAMBO - ESCOLA ESTADUAL,"AV. BENTO GONCALVES, 1731",3
113,281,PROF. LEOPOLDO TIETBOHL - ESCOLA ESTADUAL,"RUA RIVEIRA, 400",3
113,291,PROF. OTAVIO DE SOUZA - ESCOLA ESTADUAL,"RUA AFONSO RODRIGUES, 100",3
113,312,ASSOCIACAO ISRAELITA - CIRCULO SOCIAL E ESPORTIVO,"AV PROTASIO ALVES, 3435",3
113,339,PADRE BALDUINO RAMBO - ESCOLA ESTADUAL,"RUA HUMBERTO DE CAMPOS, 130",3
113,341,PROF. LEOPOLDO TIETBOHL - ESCOLA ESTADUAL,"RUA RIVEIRA, 400",3
113,343,NOSSA SENHORA DA GLORIA - COLEGIO,"AV. PROF. OSCAR PEREIRA, 3052",3
113,353,GREMIO NAUTICO UNIAO - SEDE PETROPOLE TENIS CLUBE,"RUA REIS LOUZADA, 166 (GINASIO)",3
113,356,MAURICIO SIROTSKY SOBRINHO - ESCOLA ESTADUAL,"RUA PADRE CALDAS, 59",3
113,361,MAURICIO SIROTSKY SOBRINHO - ESCOLA ESTADUAL,"RUA PADRE CALDAS, 59",3
113,363,PROF. OTAVIO DE SOUZA - ESCOLA ESTADUAL,"RUA AFONSO RODRIGUES, 100",3
113,364,NOSSA SENHORA DA GLORIA - COLEGIO,"AV. PROF. OSCAR PEREIRA, 3052",3
113,369,DOM PEDRO I - ESCOLA ESTADUAL,"RUA PEDRO BOTICARIO, 654",3
113,374,DOM PEDRO I - ESCOLA ESTADUAL,"RUA PEDRO BOTICARIO, 654",3
113,378,PROF. OTAVIO DE SOUZA - ESCOLA ESTADUAL (SEÇÕES DO SALÃO PAROQUIAL),"RUA AFONSO RODRIGUES, 100",3
113,380,ANTAO DE FARIA - ESCOLA ESTADUAL,"RUA BOM JESUS, 505",3
113,381,ANTAO DE FARIA - ESCOLA ESTADUAL,"RUA BOM JESUS, 505",3
113,387,ANTAO DE FARIA - ESCOLA ESTADUAL,"RUA BOM JESUS, 505",3
113,395,COELHO NETO - ESCOLA ESTADUAL,"RUA ALEXANDRE HERCULANO, 11",3
113,397,COELHO NETO - ESCOLA ESTADUAL,"RUA ALEXANDRE HERCULANO, 11",3
113,401,COELHO NETO - ESCOLA ESTADUAL,"RUA ALEXANDRE HERCULANO, 11",3
113,402,COELHO NETO - ESCOLA ESTADUAL,"RUA ALEXANDRE HERCULANO, 11",3
113,404,FERNANDO GOMES - ESCOLA ESTADUAL,"RUA PROF. FREDERICO GUILHERME GAELZER, 168",3
113,411,FERNANDO GOMES - ESCOLA ESTADUAL,"RUA PROF. FREDERICO GUILHERME GAELZER, 168",3
113,414,NOSSA SENHORA DE FATIMA - ESCOLA MUNICIPAL,"RUA A, 15 - VILA NOSSA SENHORA DE FATIMA",3
113,422,ERICO VERISSIMO - ESCOLA ESTADUAL,"RUA COM. EDUARDO SECCO, S/N - IPE I",3
113,436,GEN. IBA ILHA MOREIRA - ESCOLA ESTADUAL,"RUA UM, S/N - CEFER I",3
113,467,ALDO LOCATELLI - ESCOLA ESTADUAL,"RUA THOMAZ FRANCISCO DE JESUS, S/N - VILA BRASILIA",3
113,468,ALDO LOCATELLI - ESCOLA ESTADUAL,"RUA THOMAZ FRANCISCO DE JESUS, S/N - VILA BRASILIA",3
113,470,JOSE MARIANO BECK - ESCOLA MUNICIPAL,"AV. JOAQUIM PORTO VILLANOVA, 135 - VILA PINTO",3
113,472,JOSE MARIANO BECK - ESCOLA MUNICIPAL,"AV. JOAQUIM PORTO VILLANOVA, 135 - VILA PINTO",3
113,479,FERNANDO GOMES - ESCOLA ESTADUAL,"RUA PROF. FREDERICO GUILHERME GAELZER, 168",3
113,486,PROF. LEA ROSA CECCHINI BRUM - ESCOLA ESTADUAL,"RUA JOSÉ ALBANO WOLKMER, 347 (ESQ RUA MARTA COSTA FRANZEN)",3
113,496,GEMA ANGELINA BELIA - ESCOLA ESTADUAL,"AV. ANTONIO DE CARVALHO, 495",3
113,497,PROF. LEA ROSA CECCHINI BRUM - ESCOLA ESTADUAL,"RUA JOSÉ ALBANO WOLKMER, 347 (ESQ RUA MARTA COSTA FRANZEN)",3
113,1,DOM PEDRO I - ESCOLA ESTADUAL,"RUA PEDRO BOTICARIO, 654",2
113,2,SANTO ANTONIO - COLEGIO,"RUA LUIZ DE CAMOES, 372",2
113,7,SANTO ANTONIO - COLEGIO,"RUA LUIZ DE CAMOES, 372",2
113,10,ESEF - ESCOLA SUPERIOR DE EDUCACAO FISICA,"RUA FELIZARDO, 750",2
113,14,SANTA INES - COLEGIO,"AV PROTASIO ALVES, 2493",2
113,17,DOM PEDRO I - ESCOLA ESTADUAL,"RUA PEDRO BOTICARIO, 654",2
113,22,DR. EMILIO KEMP - ESCOLA ESTADUAL,"RUA MONTEIRO LOBATO, 475",2
113,39,CEL. APARICIO BORGES - ESCOLA ESTADUAL,"AV. CEL. APARICIO BORGES, 2160",2
113,43,DOM PEDRO I - ESCOLA ESTADUAL,"RUA PEDRO BOTICARIO, 654",2
113,49,PROF. LEOPOLDO TIETBOHL - ESCOLA ESTADUAL,"RUA RIVEIRA, 400",2
113,53,ASSOCIACAO ISRAELITA - CIRCULO SOCIAL E ESPORTIVO,"AV PROTASIO ALVES, 3435",2
113,54,CEL. APARICIO BORGES - ESCOLA ESTADUAL,"AV. CEL. APARICIO BORGES, 2160",2
113,65,SANTA INES - COLEGIO,"AV PROTASIO ALVES, 2493",2
113,79,PADRE RAMBO - ESCOLA ESTADUAL,"AV. BENTO GONCALVES, 1731",2
113,80,PROF. OTAVIO DE SOUZA - ESCOLA ESTADUAL,"RUA AFONSO RODRIGUES, 100",2
113,87,SANTA INES - COLEGIO,"AV PROTASIO ALVES, 2493",2
113,93,GREMIO NAUTICO UNIAO - SEDE PETROPOLE TENIS CLUBE,"RUA REIS LOUZADA, 166 (GINASIO)",2
113,103,DR. EMILIO KEMP - ESCOLA ESTADUAL,"RUA MONTEIRO LOBATO, 475",2
113,111,SANTA INES - COLEGIO,"AV PROTASIO ALVES, 2493",2
113,143,GREMIO NAUTICO UNIAO - SEDE PETROPOLE TENIS CLUBE,"RUA REIS LOUZADA, 166 (GINASIO)",2
113,149,DR. EMILIO KEMP - ESCOLA ESTADUAL,"RUA MONTEIRO LOBATO, 475",2
113,152,SANTA INES - COLEGIO,"AV PROTASIO ALVES, 2493",2
113,165,ASSOCIACAO ISRAELITA - CIRCULO SOCIAL E ESPORTIVO,"AV PROTASIO ALVES, 3435",2
113,170,ESEF - ESCOLA SUPERIOR DE EDUCACAO FISICA,"RUA FELIZARDO, 750",2
113,177,SANTO ANTONIO - COLEGIO,"RUA LUIZ DE CAMOES, 372",2
113,180,PARTENON TENIS CLUBE,"RUA PADRE CALDAS, 21 - GINÁSIO",2
113,198,PARTENON TENIS CLUBE,"RUA PADRE CALDAS, 21 - GINÁSIO",2
113,204,PADRE RAMBO - ESCOLA ESTADUAL,"AV. BENTO GONCALVES, 1731",2
113,215,ESEF - ESCOLA SUPERIOR DE EDUCACAO FISICA,"RUA FELIZARDO, 750",2
113,229,NOSSA SENHORA DA GLORIA - COLEGIO,"AV. PROF. OSCAR PEREIRA, 3052",2
113,230,MAURICIO SIROTSKY SOBRINHO - ESCOLA ESTADUAL,"RUA PADRE CALDAS, 59",2
113,234,SANTO ANTONIO - COLEGIO,"RUA LUIZ DE CAMOES, 372",2
113,236,SANTO ANTONIO - COLEGIO,"RUA LUIZ DE CAMOES, 372",2
113,237,OTAVIO ROCHA - ESCOLA ESTADUAL,"RUA GUILHERME ALVES, 1900",2
113,248,SANTA INES - COLEGIO,"AV PROTASIO ALVES, 2493",2
113,250,CEL. APARICIO BORGES - ESCOLA ESTADUAL,"AV. CEL. APARICIO BORGES, 2160",2
113,266,PADRE RAMBO - ESCOLA ESTADUAL,"AV. BENTO GONCALVES, 1731",2
113,271,ESEF - ESCOLA SUPERIOR DE EDUCACAO FISICA,"RUA FELIZARDO, 750",2
113,297,NOSSA SENHORA DA GLORIA - COLEGIO,"AV. PROF. OSCAR PEREIRA, 3052",2
113,314,CEL. APARICIO BORGES - ESCOLA ESTADUAL,"AV. CEL. APARICIO BORGES, 2160",2
113,326,PADRE RAMBO - ESCOLA ESTADUAL,"AV. BENTO GONCALVES, 1731",2
113,375,ESEF - ESCOLA SUPERIOR DE EDUCACAO FISICA,"RUA FELIZARDO, 750",2
113,379,ANTAO DE FARIA - ESCOLA ESTADUAL,"RUA BOM JESUS, 505",2
113,386,ANTAO DE FARIA - ESCOLA ESTADUAL,"RUA BOM JESUS, 505",2
113,389,ANTAO DE FARIA - ESCOLA ESTADUAL,"RUA BOM JESUS, 505",2
113,394,COELHO NETO - ESCOLA ESTADUAL,"RUA ALEXANDRE HERCULANO, 11",2
113,398,COELHO NETO - ESCOLA ESTADUAL,"RUA ALEXANDRE HERCULANO, 11",2
113,403,FERNANDO GOMES - ESCOLA ESTADUAL,"RUA PROF. FREDERICO GUILHERME GAELZER, 168",2
113,407,FERNANDO GOMES - ESCOLA ESTADUAL,"RUA PROF. FREDERICO GUILHERME GAELZER, 168",2
113,409,FERNANDO GOMES - ESCOLA ESTADUAL,"RUA PROF. FREDERICO GUILHERME GAELZER, 168",2
113,423,ERICO VERISSIMO - ESCOLA ESTADUAL,"RUA COM. EDUARDO SECCO, S/N - IPE I",2
113,426,ERICO VERISSIMO - ESCOLA ESTADUAL,"RUA COM. EDUARDO SECCO, S/N - IPE I",2
113,433,GEN. IBA ILHA MOREIRA - ESCOLA ESTADUAL,"RUA UM, S/N - CEFER I",2
113,440,GEN. IBA ILHA MOREIRA - ESCOLA ESTADUAL,"RUA UM, S/N - CEFER I",2
113,443,GEMA ANGELINA BELIA - ESCOLA ESTADUAL,"AV. ANTONIO DE CARVALHO, 495",2
113,444,GEMA ANGELINA BELIA - ESCOLA ESTADUAL,"AV. ANTONIO DE CARVALHO, 495",2
113,469,JOSE MARIANO BECK - ESCOLA MUNICIPAL,"AV. JOAQUIM PORTO VILLANOVA, 135 - VILA PINTO",2
113,473,JOSE MARIANO BECK - ESCOLA MUNICIPAL,"AV. JOAQUIM PORTO VILLANOVA, 135 - VILA PINTO",2
113,475,JOSE MARIANO BECK - ESCOLA MUNICIPAL,"AV. JOAQUIM PORTO VILLANOVA, 135 - VILA PINTO",2
113,480,NOSSA SENHORA DE FATIMA - ESCOLA MUNICIPAL,"RUA A, 15 - VILA NOSSA SENHORA DE FATIMA",2
113,481,PROF. OTAVIO DE SOUZA - ESCOLA ESTADUAL (SEÇÕES DO SALÃO PAROQUIAL),"RUA AFONSO RODRIGUES, 100",2
113,485,JOSE MARIANO BECK - ESCOLA MUNICIPAL,"AV. JOAQUIM PORTO VILLANOVA, 135 - VILA PINTO",2
113,52,DR. EMILIO KEMP - ESCOLA ESTADUAL,"RUA MONTEIRO LOBATO, 475",1
113,85,SANTO ANTONIO - COLEGIO,"RUA LUIZ DE CAMOES, 372",1
113,94,ASSOCIACAO ISRAELITA - CIRCULO SOCIAL E ESPORTIVO,"AV PROTASIO ALVES, 3435",1
113,118,DOM PEDRO I - ESCOLA ESTADUAL,"RUA PEDRO BOTICARIO, 654",1
113,127,SANTO ANTONIO - COLEGIO,"RUA LUIZ DE CAMOES, 372",1
113,130,SANTA INES - COLEGIO,"AV PROTASIO ALVES, 2493",1
113,145,DOM PEDRO I - ESCOLA ESTADUAL,"RUA PEDRO BOTICARIO, 654",1
113,148,PROF. LEOPOLDO TIETBOHL - ESCOLA ESTADUAL,"RUA RIVEIRA, 400",1
113,159,PADRE BALDUINO RAMBO - ESCOLA ESTADUAL,"RUA HUMBERTO DE CAMPOS, 130",1
113,166,CEL. APARICIO BORGES - ESCOLA ESTADUAL,"AV. CEL. APARICIO BORGES, 2160",1
113,191,CEL. APARICIO BORGES - ESCOLA ESTADUAL,"AV. CEL. APARICIO BORGES, 2160",1
113,200,MAURICIO SIROTSKY SOBRINHO - ESCOLA ESTADUAL,"RUA PADRE CALDAS, 59",1
113,232,DR. EMILIO KEMP - ESCOLA ESTADUAL,"RUA MONTEIRO LOBATO, 475",1
113,294,OTAVIO ROCHA - ESCOLA ESTADUAL,"RUA GUILHERME ALVES, 1900",1
113,300,CEL. APARICIO BORGES - ESCOLA ESTADUAL,"AV. CEL. APARICIO BORGES, 2160",1
113,305,SANTA INES - COLEGIO,"AV PROTASIO ALVES, 2493",1
113,311,NOSSA SENHORA DA GLORIA - COLEGIO,"AV. PROF. OSCAR PEREIRA, 3052",1
113,325,SANTA INES - COLEGIO,"AV PROTASIO ALVES, 2493",1
113,344,SANTO ANTONIO - COLEGIO,"RUA LUIZ DE CAMOES, 372",1
113,350,PADRE RAMBO - ESCOLA ESTADUAL,"AV. BENTO GONCALVES, 1731",1
113,372,ESEF - ESCOLA SUPERIOR DE EDUCACAO FISICA,"RUA FELIZARDO, 750",1
113,382,ANTAO DE FARIA - ESCOLA ESTADUAL,"RUA BOM JESUS, 505",1
113,385,ANTAO DE FARIA - ESCOLA ESTADUAL,"RUA BOM JESUS, 505",1
113,410,FERNANDO GOMES - ESCOLA ESTADUAL,"RUA PROF. FREDERICO GUILHERME GAELZER, 168",1
113,417,NOSSA SENHORA DE FATIMA - ESCOLA MUNICIPAL,"RUA A, 15 - VILA NOSSA SENHORA DE FATIMA",1
113,418,NOSSA SENHORA DE FATIMA - ESCOLA MUNICIPAL,"RUA A, 15 - VILA NOSSA SENHORA DE FATIMA",1
113,425,ERICO VERISSIMO - ESCOLA ESTADUAL,"RUA COM. EDUARDO SECCO, S/N - IPE I",1
113,435,GEN. IBA ILHA MOREIRA - ESCOLA ESTADUAL,"RUA UM, S/N - CEFER I",1
113,464,ALDO LOCATELLI - ESCOLA ESTADUAL,"RUA THOMAZ FRANCISCO DE JESUS, S/N - VILA BRASILIA",1
113,466,ALDO LOCATELLI - ESCOLA ESTADUAL,"RUA THOMAZ FRANCISCO DE JESUS, S/N - VILA BRASILIA",1
113,476,JOSE MARIANO BECK - ESCOLA MUNICIPAL,"AV. JOAQUIM PORTO VILLANOVA, 135 - VILA PINTO",1
113,483,PROF. OTAVIO DE SOUZA - ESCOLA ESTADUAL (SEÇÕES DO SALÃO PAROQUIAL),"RUA AFONSO RODRIGUES, 100",1
113,491,COELHO NETO - ESCOLA ESTADUAL,"RUA ALEXANDRE HERCULANO, 11",1
114,496,"ANITA GARIBALDI, ESC EST ENS FUND INC","AV. SAO JOSE DO NORTE, S/N",13
114,556,"PROF. OSCAR PEREIRA, ESC EST ENS MED","RUA FRANCISCO MARTINS, S/N",13
114,495,"PROF. OSCAR PEREIRA, ESC EST ENS MED","RUA FRANCISCO MARTINS, S/N",11
114,568,"PROF. OSCAR PEREIRA, ESC EST ENS MED","RUA FRANCISCO MARTINS, S/N",11
114,564,"PROF. OSCAR PEREIRA, ESC EST ENS MED","RUA FRANCISCO MARTINS, S/N",10
114,490,"VERA CRUZ, ESC EST ENS FUND","RUA DONA LUIZA ROCCO, S/N - PROXIMO AV OSCAR PEREIRA",9
114,492,"PROF. OSCAR PEREIRA, ESC EST ENS MED","RUA FRANCISCO MARTINS, S/N",9
114,493,"PROF. OSCAR PEREIRA, ESC EST ENS MED","RUA FRANCISCO MARTINS, S/N",9
114,501,"ANITA GARIBALDI, ESC EST ENS FUND INC","AV. SAO JOSE DO NORTE, S/N",9
114,489,"VERA CRUZ, ESC EST ENS FUND","RUA DONA LUIZA ROCCO, S/N - PROXIMO AV OSCAR PEREIRA",8
114,500,"ANITA GARIBALDI, ESC EST ENS FUND INC","AV. SAO JOSE DO NORTE, S/N",8
114,558,"DR. PACHECO PRATES, ESC EST ENS FUND","PRACA NOSSA SENHORA DE BELÉM, S/N",8
114,246,"PASTOR DOHMS, CENTRO DE ENSINO MÉDIO","AV. ARNALDO BOHRER, 253",7
114,277,"PASTOR DOHMS, CENTRO DE ENSINO MÉDIO","AV. ARNALDO BOHRER, 253",7
114,491,"PROF. OSCAR PEREIRA, ESC EST ENS MED","RUA FRANCISCO MARTINS, S/N",7
114,499,"ANITA GARIBALDI, ESC EST ENS FUND INC","AV. SAO JOSE DO NORTE, S/N",7
114,165,"EMILIO MEYER, ESC MUNIC","AV NITEROI, 472",6
114,287,"ASSUNÇÃO, COLEGIO MARISTA","RUA DOM BOSCO, 103",6
114,396,"MARIA IMACULADA, COLÉGIO","AV PADRE CACIQUE, 1028",6
114,485,"VERA CRUZ, ESC EST ENS FUND","RUA DONA LUIZA ROCCO, S/N - PROXIMO AV OSCAR PEREIRA",6
114,488,"VERA CRUZ, ESC EST ENS FUND","RUA DONA LUIZA ROCCO, S/N - PROXIMO AV OSCAR PEREIRA",6
114,497,"ANITA GARIBALDI, ESC EST ENS FUND INC","AV. SAO JOSE DO NORTE, S/N",6
114,561,"VERA CRUZ, ESC EST ENS FUND","RUA DONA LUIZA ROCCO, S/N - PROXIMO AV OSCAR PEREIRA",6
114,3,"ASSUNÇÃO, COLEGIO MARISTA","RUA DOM BOSCO, 103",5
114,14,"EMILIO MEYER, ESC MUNIC","AV NITEROI, 472",5
114,38,"BRIGADEIRO SILVA PAES, ESC EST ENS FUND","RUA PROF CLEMENTE PINTO, 555",5
114,297,"JOSE LOUREIRO DA SILVA, ESC MUNIC","AV. CAPIVARI, 1999",5
114,337,"VENEZUELA, ESC EST ENS FUND",AV NITEROI - ESQUINA TRAV. VIAMAO,5
114,487,"VERA CRUZ, ESC EST ENS FUND","RUA DONA LUIZA ROCCO, S/N - PROXIMO AV OSCAR PEREIRA",5
114,585,"PROF. OSCAR PEREIRA, ESC EST ENS MED","RUA FRANCISCO MARTINS, S/N",5
114,8,"EMILIO MEYER, ESC MUNIC","AV NITEROI, 472",4
114,11,"DR. VICTOR DE BRITTO, ESC EST ENS FUND","RUA SEBASTIÃO WOLF, 231",4
114,28,PAROQUIA DA ASCENSÃO,"RUA ENG. LUDOLFO BOEHL, 300",4
114,40,"UNIVERSITÁRIO, COLÉGIO","AV. TERESOPOLIS, 2805",4
114,50,"VENEZUELA, ESC EST ENS FUND",AV NITEROI - ESQUINA TRAV. VIAMAO,4
114,126,PAROQUIA DA ASCENSÃO,"RUA ENG. LUDOLFO BOEHL, 300",4
114,143,"MARIA IMACULADA, COLÉGIO","AV PADRE CACIQUE, 1028",4
114,144,"DR. VICTOR DE BRITTO, ESC EST ENS FUND","RUA SEBASTIÃO WOLF, 231",4
114,171,"UNIVERSITÁRIO, COLÉGIO","AV. TERESOPOLIS, 2805",4
114,176,"SIMOES LOPES NETO, ESC EST ENS FUND","RUA IRMAO PEDRO, 82",4
114,312,"BRIGADEIRO SILVA PAES, ESC EST ENS FUND","RUA PROF CLEMENTE PINTO, 555",4
114,350,"JOAO XXIII, FUND EDUC","RUA SEPE TIARAJU,1013",4
114,379,"MACHADO DE ASSIS, ESC EST ENS FUND","RUA XAVIER DA CUNHA, 680",4
114,385,"UNIVERSITÁRIO, COLÉGIO","AV. TERESOPOLIS, 2805",4
114,395,"PASTOR DOHMS, CENTRO DE ENSINO MÉDIO","AV. ARNALDO BOHRER, 253",4
114,398,"PASTOR DOHMS, CENTRO DE ENSINO MÉDIO","AV. ARNALDO BOHRER, 253",4
114,422,"ASSUNÇÃO, COLEGIO MARISTA","RUA DOM BOSCO, 103",4
114,434,"ASSUNÇÃO, COLEGIO MARISTA","RUA DOM BOSCO, 103",4
114,484,"VERA CRUZ, ESC EST ENS FUND","RUA DONA LUIZA ROCCO, S/N - PROXIMO AV OSCAR PEREIRA",4
114,518,"ALBERTO TORRES, ESC EST ENS MED","AV. RODRIGUES DA FONSECA, 1666",4
114,539,"JERONIMO DE ORNELAS, ESC EST ENS FUND","RUA SAO MIGUEL, 487",4
114,587,"ASSUNÇÃO, COLEGIO MARISTA","RUA DOM BOSCO, 103",4
114,7,"JOSE LOUREIRO DA SILVA, ESC MUNIC","AV. CAPIVARI, 1999",3
114,10,"MARIA IMACULADA, COLÉGIO","AV PADRE CACIQUE, 1028",3
114,29,"PARANÁ, ESC EST ENS FUND","AV TAQUARY, 395",3
114,32,"PASTOR DOHMS, CENTRO DE ENSINO MÉDIO","AV. ARNALDO BOHRER, 253",3
114,43,"SANTA RITA DE CASSIA, ESC EST ENS FUND","RUA SILVEIRO, 1640",3
114,73,"MARIA IMACULADA, COLÉGIO","AV PADRE CACIQUE, 1028",3
114,122,"EMILIO MEYER, ESC MUNIC","AV NITEROI, 472",3
114,125,"VENEZUELA, ESC EST ENS FUND",AV NITEROI - ESQUINA TRAV. VIAMAO,3
114,191,"JOAO XXIII, FUND EDUC","RUA SEPE TIARAJU,1013",3
114,199,"ASSUNÇÃO, COLEGIO MARISTA","RUA DOM BOSCO, 103",3
114,207,"PROF. AFONSO GUERREIRO LIMA, ESC EST ENS FUND","RUA BANCO INGLÊS, 300",3
114,217,"DR. VICTOR DE BRITTO, ESC EST ENS FUND","RUA SEBASTIÃO WOLF, 231",3
114,269,"GABRIEL OBINO, ESC MUNIC","AV. ENG. LUDOLFO BOEHL, 1402",3
114,281,"DR. VICTOR DE BRITTO, ESC EST ENS FUND","RUA SEBASTIÃO WOLF, 231",3
114,283,"MARIA IMACULADA, COLÉGIO","AV PADRE CACIQUE, 1028",3
114,324,"PROF. ELPIDIO FERREIRA PAES, ESC EST","RUA INHANDUÍ, 432",3
114,335,"VENEZUELA, ESC EST ENS FUND",AV NITEROI - ESQUINA TRAV. VIAMAO,3
114,336,"PARANÁ, ESC EST ENS FUND","AV TAQUARY, 395",3
114,346,"ASSUNÇÃO, COLEGIO MARISTA","RUA DOM BOSCO, 103",3
114,360,"UNIVERSITÁRIO, COLÉGIO","AV. TERESOPOLIS, 2805",3
114,361,"EMILIO MEYER, ESC MUNIC","AV NITEROI, 472",3
114,369,"BRIGADEIRO SILVA PAES, ESC EST ENS FUND","RUA PROF CLEMENTE PINTO, 555",3
114,388,"PROF. ELPIDIO FERREIRA PAES, ESC EST","RUA INHANDUÍ, 432",3
114,397,"PARANÁ, ESC EST ENS FUND","AV TAQUARY, 395",3
114,403,UNIRITTER - CENTRO UNIVERSITÁRIO RITTER DOS REIS,"RUA ORFANOTRÓFIO, 555",3
114,430,"EMILIO MEYER, ESC MUNIC","AV NITEROI, 472",3
114,441,"EMILIO MEYER, ESC MUNIC","AV NITEROI, 472",3
114,445,"PASTOR DOHMS, CENTRO DE ENSINO MÉDIO","AV. ARNALDO BOHRER, 253",3
114,479,"PASTOR DOHMS, CENTRO DE ENSINO MÉDIO","AV. ARNALDO BOHRER, 253",3
114,481,"UNIVERSITÁRIO, COLÉGIO","AV. TERESOPOLIS, 2805",3
114,486,"VERA CRUZ, ESC EST ENS FUND","RUA DONA LUIZA ROCCO, S/N - PROXIMO AV OSCAR PEREIRA",3
114,506,"DR. PACHECO PRATES, ESC EST ENS FUND","PRACA NOSSA SENHORA DE BELÉM, S/N",3
114,511,"DR. PACHECO PRATES, ESC EST ENS FUND","PRACA NOSSA SENHORA DE BELÉM, S/N",3
114,513,"ALBERTO TORRES, ESC EST ENS MED","AV. RODRIGUES DA FONSECA, 1666",3
114,534,"IGREJA SAO JOSE, SALÃO PAROQUIAL","AV. RODRIGUES DA FONSECA, 1459",3
114,537,"JERONIMO DE ORNELAS, ESC EST ENS FUND","RUA SAO MIGUEL, 487",3
114,540,"JERONIMO DE ORNELAS, ESC EST ENS FUND","RUA SAO MIGUEL, 487",3
114,543,"MARIA IMACULADA, ESCOLA","RUA GENERAL GOMES CARNEIRO, 364",3
114,554,"SÃO JOÃO LUIZ ORIONE, CAPELA","RUA DORMENIO, 487 - ESQUINA RUA PRISMA",3
114,559,"PARANÁ, ESC EST ENS FUND","AV TAQUARY, 395",3
114,573,"CIDADE JARDIM, ESC EST ENS FUND","AV. FABIO ARAUJO SANTOS, S/N",3
114,578,UNIRITTER - CENTRO UNIVERSITÁRIO RITTER DOS REIS,"RUA ORFANOTRÓFIO, 555",3
114,579,"VERA CRUZ, ESC EST ENS FUND","RUA DONA LUIZA ROCCO, S/N - PROXIMO AV OSCAR PEREIRA",3
114,586,"FERNANDO FERRARI, ESC EST ENS FUND","RUA UPAMOROTI, 1200",3
114,23,"PROF. AFONSO GUERREIRO LIMA, ESC EST ENS FUND","RUA BANCO INGLÊS, 300",2
114,24,"JOAO XXIII, FUND EDUC","RUA SEPE TIARAJU,1013",2
114,42,"JOSE LOUREIRO DA SILVA, ESC MUNIC","AV. CAPIVARI, 1999",2
114,48,"PROF. ELPIDIO FERREIRA PAES, ESC EST","RUA INHANDUÍ, 432",2
114,64,"NACOES UNIDAS, ESC EST ENS FUND","RUA MANOEL DO CARMO, 100",2
114,66,"PROF. ELPIDIO FERREIRA PAES, ESC EST","RUA INHANDUÍ, 432",2
114,69,"VENEZUELA, ESC EST ENS FUND",AV NITEROI - ESQUINA TRAV. VIAMAO,2
114,70,PAROQUIA DA ASCENSÃO,"RUA ENG. LUDOLFO BOEHL, 300",2
114,93,"JOAO XXIII, FUND EDUC","RUA SEPE TIARAJU,1013",2
114,98,"JOSE LOUREIRO DA SILVA, ESC MUNIC","AV. CAPIVARI, 1999",2
114,114,"PROF. ELPIDIO FERREIRA PAES, ESC EST","RUA INHANDUÍ, 432",2
114,116,"DR. VICTOR DE BRITTO, ESC EST ENS FUND","RUA SEBASTIÃO WOLF, 231",2
114,132,"VENEZUELA, ESC EST ENS FUND",AV NITEROI - ESQUINA TRAV. VIAMAO,2
114,134,"ASSUNÇÃO, COLEGIO MARISTA","RUA DOM BOSCO, 103",2
114,147,"NACOES UNIDAS, ESC EST ENS FUND","RUA MANOEL DO CARMO, 100",2
114,174,"PROF. ELPIDIO FERREIRA PAES, ESC EST","RUA INHANDUÍ, 432",2
114,189,"NACOES UNIDAS, ESC EST ENS FUND","RUA MANOEL DO CARMO, 100",2
114,238,"JOSE LOUREIRO DA SILVA, ESC MUNIC","AV. CAPIVARI, 1999",2
114,245,"ASSUNÇÃO, COLEGIO MARISTA","RUA DOM BOSCO, 103",2
114,254,"UNIVERSITÁRIO, COLÉGIO","AV. TERESOPOLIS, 2805",2
114,255,"PROF. AFONSO GUERREIRO LIMA, ESC EST ENS FUND","RUA BANCO INGLÊS, 300",2
114,263,"SIMOES LOPES NETO, ESC EST ENS FUND","RUA IRMAO PEDRO, 82",2
114,268,"UNIVERSITÁRIO, COLÉGIO","AV. TERESOPOLIS, 2805",2
114,271,"EMILIO MEYER, ESC MUNIC","AV NITEROI, 472",2
114,276,"PROF. ELPIDIO FERREIRA PAES, ESC EST","RUA INHANDUÍ, 432",2
114,279,"NACOES UNIDAS, ESC EST ENS FUND","RUA MANOEL DO CARMO, 100",2
114,286,"JOSE LOUREIRO DA SILVA, ESC MUNIC","AV. CAPIVARI, 1999",2
114,310,"JOAO XXIII, FUND EDUC","RUA SEPE TIARAJU,1013",2
114,323,"MARIA IMACULADA, COLÉGIO","AV PADRE CACIQUE, 1028",2
114,356,"SANTA RITA DE CASSIA, ESC EST ENS FUND","RUA SILVEIRO, 1640",2
114,367,"MACHADO DE ASSIS, ESC EST ENS FUND","RUA XAVIER DA CUNHA, 680",2
114,386,"DR. VICTOR DE BRITTO, ESC EST ENS FUND","RUA SEBASTIÃO WOLF, 231",2
114,413,"MARIA IMACULADA, COLÉGIO","AV PADRE CACIQUE, 1028",2
114,414,"JOSE LOUREIRO DA SILVA, ESC MUNIC","AV. CAPIVARI, 1999",2
114,415,"EMILIO MEYER, ESC MUNIC","AV NITEROI, 472",2
114,417,"PROF. ELPIDIO FERREIRA PAES, ESC EST","RUA INHANDUÍ, 432",2
114,423,"MACHADO DE ASSIS, ESC EST ENS FUND","RUA XAVIER DA CUNHA, 680",2
114,431,"PROF. AFONSO GUERREIRO LIMA, ESC EST ENS FUND","RUA BANCO INGLÊS, 300",2
114,438,"PROF. AFONSO GUERREIRO LIMA, ESC EST ENS FUND","RUA BANCO INGLÊS, 300",2
114,440,"PARANÁ, ESC EST ENS FUND","AV TAQUARY, 395",2
114,442,"UNIVERSITÁRIO, COLÉGIO","AV. TERESOPOLIS, 2805",2
114,446,"ASSUNÇÃO, COLEGIO MARISTA","RUA DOM BOSCO, 103",2
114,467,"JOÃO PAULO, COLÉGIO","AV. PADRE CACIQUE, 532",2
114,470,"PARANÁ, ESC EST ENS FUND","AV TAQUARY, 395",2
114,473,"MACHADO DE ASSIS, ESC EST ENS FUND","RUA XAVIER DA CUNHA, 680",2
114,474,"SÃO JOÃO LUIZ ORIONE, CAPELA","RUA DORMENIO, 487 - ESQUINA RUA PRISMA",2
114,478,"FERNANDO FERRARI, ESC EST ENS FUND","RUA UPAMOROTI, 1200",2
114,483,"EMILIO MEYER, ESC MUNIC","AV NITEROI, 472",2
114,498,"ANITA GARIBALDI, ESC EST ENS FUND INC","AV. SAO JOSE DO NORTE, S/N",2
114,503,"CIDADE JARDIM, ESC EST ENS FUND","AV. FABIO ARAUJO SANTOS, S/N",2
114,505,"DR. PACHECO PRATES, ESC EST ENS FUND","PRACA NOSSA SENHORA DE BELÉM, S/N",2
114,507,"DR. PACHECO PRATES, ESC EST ENS FUND","PRACA NOSSA SENHORA DE BELÉM, S/N",2
114,509,"DR. PACHECO PRATES, ESC EST ENS FUND","PRACA NOSSA SENHORA DE BELÉM, S/N",2
114,515,"ALBERTO TORRES, ESC EST ENS MED","AV. RODRIGUES DA FONSECA, 1666",2
114,517,"ALBERTO TORRES, ESC EST ENS MED","AV. RODRIGUES DA FONSECA, 1666",2
114,520,"ALBERTO TORRES, ESC EST ENS MED","AV. RODRIGUES DA FONSECA, 1666",2
114,533,"IGREJA SAO JOSE, SALÃO PAROQUIAL","AV. RODRIGUES DA FONSECA, 1459",2
114,535,"JERONIMO DE ORNELAS, ESC EST ENS FUND","RUA SAO MIGUEL, 487",2
114,538,"JERONIMO DE ORNELAS, ESC EST ENS FUND","RUA SAO MIGUEL, 487",2
114,546,"PROF. ELPIDIO FERREIRA PAES, ESC EST","RUA INHANDUÍ, 432",2
114,555,"FERNANDO FERRARI, ESC EST ENS FUND","RUA UPAMOROTI, 1200",2
114,562,"MACHADO DE ASSIS, ESC EST ENS FUND","RUA XAVIER DA CUNHA, 680",2
114,571,"MARIA IMACULADA, ESCOLA","RUA GENERAL GOMES CARNEIRO, 364",2
114,582,UNIRITTER - CENTRO UNIVERSITÁRIO RITTER DOS REIS,"RUA ORFANOTRÓFIO, 555",2
114,584,"CIDADE JARDIM, ESC EST ENS FUND","AV. FABIO ARAUJO SANTOS, S/N",2
114,12,"DR. VICTOR DE BRITTO, ESC EST ENS FUND","RUA SEBASTIÃO WOLF, 231",1
114,18,"NACOES UNIDAS, ESC EST ENS FUND","RUA MANOEL DO CARMO, 100",1
114,41,"JOAO XXIII, FUND EDUC","RUA SEPE TIARAJU,1013",1
114,55,"PASTOR DOHMS, CENTRO DE ENSINO MÉDIO","AV. ARNALDO BOHRER, 253",1
114,74,PAROQUIA DA ASCENSÃO,"RUA ENG. LUDOLFO BOEHL, 300",1
114,77,"VENEZUELA, ESC EST ENS FUND",AV NITEROI - ESQUINA TRAV. VIAMAO,1
114,78,"SIMOES LOPES NETO, ESC EST ENS FUND","RUA IRMAO PEDRO, 82",1
114,91,"PROF. AFONSO GUERREIRO LIMA, ESC EST ENS FUND","RUA BANCO INGLÊS, 300",1
114,95,"SANTA RITA DE CASSIA, ESC EST ENS FUND","RUA SILVEIRO, 1640",1
114,119,"BRIGADEIRO SILVA PAES, ESC EST ENS FUND","RUA PROF CLEMENTE PINTO, 555",1
114,121,"JOAO XXIII, FUND EDUC","RUA SEPE TIARAJU,1013",1
114,123,"JOAO XXIII, FUND EDUC","RUA SEPE TIARAJU,1013",1
114,124,"PROF. AFONSO GUERREIRO LIMA, ESC EST ENS FUND","RUA BANCO INGLÊS, 300",1
114,128,"NACOES UNIDAS, ESC EST ENS FUND","RUA MANOEL DO CARMO, 100",1
114,137,"PARANÁ, ESC EST ENS FUND","AV TAQUARY, 395",1
114,149,"PASTOR DOHMS, CENTRO DE ENSINO MÉDIO","AV. ARNALDO BOHRER, 253",1
114,161,"JOAO XXIII, FUND EDUC","RUA SEPE TIARAJU,1013",1
114,162,"PROF. AFONSO GUERREIRO LIMA, ESC EST ENS FUND","RUA BANCO INGLÊS, 300",1
114,166,"DR. VICTOR DE BRITTO, ESC EST ENS FUND","RUA SEBASTIÃO WOLF, 231",1
114,167,"JOSE LOUREIRO DA SILVA, ESC MUNIC","AV. CAPIVARI, 1999",1
114,186,"BRIGADEIRO SILVA PAES, ESC EST ENS FUND","RUA PROF CLEMENTE PINTO, 555",1
114,201,"VENEZUELA, ESC EST ENS FUND",AV NITEROI - ESQUINA TRAV. VIAMAO,1
114,202,PAROQUIA DA ASCENSÃO,"RUA ENG. LUDOLFO BOEHL, 300",1
114,210,"UNIVERSITÁRIO, COLÉGIO","AV. TERESOPOLIS, 2805",1
114,214,"JOAO XXIII, FUND EDUC","RUA SEPE TIARAJU,1013",1
114,216,"PARANÁ, ESC EST ENS FUND","AV TAQUARY, 395",1
114,222,"PROF. ELPIDIO FERREIRA PAES, ESC EST","RUA INHANDUÍ, 432",1
114,237,"NACOES UNIDAS, ESC EST ENS FUND","RUA MANOEL DO CARMO, 100",1
114,242,"DR. VICTOR DE BRITTO, ESC EST ENS FUND","RUA SEBASTIÃO WOLF, 231",1
114,273,"PARANÁ, ESC EST ENS FUND","AV TAQUARY, 395",1
114,280,"VENEZUELA, ESC EST ENS FUND",AV NITEROI - ESQUINA TRAV. VIAMAO,1
114,303,"MARIA IMACULADA, COLÉGIO","AV PADRE CACIQUE, 1028",1
114,307,"JOAO XXIII, FUND EDUC","RUA SEPE TIARAJU,1013",1
114,334,"NACOES UNIDAS, ESC EST ENS FUND","RUA MANOEL DO CARMO, 100",1
114,343,"NACOES UNIDAS, ESC EST ENS FUND","RUA MANOEL DO CARMO, 100",1
114,349,"PROF. ELPIDIO FERREIRA PAES, ESC EST","RUA INHANDUÍ, 432",1
114,352,"VENEZUELA, ESC EST ENS FUND",AV NITEROI - ESQUINA TRAV. VIAMAO,1
114,354,"UNIVERSITÁRIO, COLÉGIO","AV. TERESOPOLIS, 2805",1
114,392,UNIRITTER - CENTRO UNIVERSITÁRIO RITTER DOS REIS,"RUA ORFANOTRÓFIO, 555",1
114,399,"JOSE LOUREIRO DA SILVA, ESC MUNIC","AV. CAPIVARI, 1999",1
114,401,"SANTA RITA DE CASSIA, ESC EST ENS FUND","RUA SILVEIRO, 1640",1
114,406,"PROF. AFONSO GUERREIRO LIMA, ESC EST ENS FUND","RUA BANCO INGLÊS, 300",1
114,408,"PARANÁ, ESC EST ENS FUND","AV TAQUARY, 395",1
114,409,"EMILIO MEYER, ESC MUNIC","AV NITEROI, 472",1
114,410,"UNIVERSITÁRIO, COLÉGIO","AV. TERESOPOLIS, 2805",1
114,411,"BRIGADEIRO SILVA PAES, ESC EST ENS FUND","RUA PROF CLEMENTE PINTO, 555",1
114,416,"MARIA IMACULADA, COLÉGIO","AV PADRE CACIQUE, 1028",1
114,418,UNIRITTER - CENTRO UNIVERSITÁRIO RITTER DOS REIS,"RUA ORFANOTRÓFIO, 555",1
114,419,"SANTA RITA DE CASSIA, ESC EST ENS FUND","RUA SILVEIRO, 1640",1
114,421,"PASTOR DOHMS, CENTRO DE ENSINO MÉDIO","AV. ARNALDO BOHRER, 253",1
114,424,"PROF. ELPIDIO FERREIRA PAES, ESC EST","RUA INHANDUÍ, 432",1
114,425,"VENEZUELA, ESC EST ENS FUND",AV NITEROI - ESQUINA TRAV. VIAMAO,1
114,428,"BRIGADEIRO SILVA PAES, ESC EST ENS FUND","RUA PROF CLEMENTE PINTO, 555",1
114,429,"PROF. ELPIDIO FERREIRA PAES, ESC EST","RUA INHANDUÍ, 432",1
114,433,"SANTA RITA DE CASSIA, ESC EST ENS FUND","RUA SILVEIRO, 1640",1
114,437,"JOÃO PAULO, COLÉGIO","AV. PADRE CACIQUE, 532",1
114,439,"JOSE LOUREIRO DA SILVA, ESC MUNIC","AV. CAPIVARI, 1999",1
114,443,"BRIGADEIRO SILVA PAES, ESC EST ENS FUND","RUA PROF CLEMENTE PINTO, 555",1
114,450,"PROF. AFONSO GUERREIRO LIMA, ESC EST ENS FUND","RUA BANCO INGLÊS, 300",1
114,457,"PROF. AFONSO GUERREIRO LIMA, ESC EST ENS FUND","RUA BANCO INGLÊS, 300",1
114,458,"PARANÁ, ESC EST ENS FUND","AV TAQUARY, 395",1
114,460,"UNIVERSITÁRIO, COLÉGIO","AV. TERESOPOLIS, 2805",1
114,461,"MACHADO DE ASSIS, ESC EST ENS FUND","RUA XAVIER DA CUNHA, 680",1
114,462,"EMILIO MEYER, ESC MUNIC","AV NITEROI, 472",1
114,466,"BRIGADEIRO SILVA PAES, ESC EST ENS FUND","RUA PROF CLEMENTE PINTO, 555",1
114,468,"JOSE LOUREIRO DA SILVA, ESC MUNIC","AV. CAPIVARI, 1999",1
114,471,"JOSE LOUREIRO DA SILVA, ESC MUNIC","AV. CAPIVARI, 1999",1
114,472,"VERA CRUZ, ESC EST ENS FUND","RUA DONA LUIZA ROCCO, S/N - PROXIMO AV OSCAR PEREIRA",1
114,482,"PARANÁ, ESC EST ENS FUND","AV TAQUARY, 395",1
114,502,"CIDADE JARDIM, ESC EST ENS FUND","AV. FABIO ARAUJO SANTOS, S/N",1
114,510,"DR. PACHECO PRATES, ESC EST ENS FUND","PRACA NOSSA SENHORA DE BELÉM, S/N",1
114,512,"ALBERTO TORRES, ESC EST ENS MED","AV. RODRIGUES DA FONSECA, 1666",1
114,516,"ALBERTO TORRES, ESC EST ENS MED","AV. RODRIGUES DA FONSECA, 1666",1
114,519,"ALBERTO TORRES, ESC EST ENS MED","AV. RODRIGUES DA FONSECA, 1666",1
114,521,"ALBERTO TORRES, ESC EST ENS MED","AV. RODRIGUES DA FONSECA, 1666",1
114,522,"ALBERTO TORRES, ESC EST ENS MED","AV. RODRIGUES DA FONSECA, 1666",1
114,523,"ALBERTO TORRES, ESC EST ENS MED","AV. RODRIGUES DA FONSECA, 1666",1
114,525,"ALBERTO TORRES, ESC EST ENS MED","AV. RODRIGUES DA FONSECA, 1666",1
114,526,"ALBERTO TORRES, ESC EST ENS MED","AV. RODRIGUES DA FONSECA, 1666",1
114,528,"IGREJA SAO JOSE, SALÃO PAROQUIAL","AV. RODRIGUES DA FONSECA, 1459",1
114,529,"IGREJA SAO JOSE, SALÃO PAROQUIAL","AV. RODRIGUES DA FONSECA, 1459",1
114,530,"IGREJA SAO JOSE, SALÃO PAROQUIAL","AV. RODRIGUES DA FONSECA, 1459",1
114,531,"IGREJA SAO JOSE, SALÃO PAROQUIAL","AV. RODRIGUES DA FONSECA, 1459",1
114,536,"JERONIMO DE ORNELAS, ESC EST ENS FUND","RUA SAO MIGUEL, 487",1
114,542,"JERONIMO DE ORNELAS, ESC EST ENS FUND","RUA SAO MIGUEL, 487",1
114,544,"ALBERTO TORRES, ESC EST ENS MED","AV. RODRIGUES DA FONSECA, 1666",1
114,547,"SANTA RITA DE CASSIA, ESC EST ENS FUND","RUA SILVEIRO, 1640",1
114,550,"JOSE LOUREIRO DA SILVA, ESC MUNIC","AV. CAPIVARI, 1999",1
114,551,"JOÃO PAULO, COLÉGIO","AV. PADRE CACIQUE, 532",1
114,557,"GABRIEL OBINO, ESC MUNIC","AV. ENG. LUDOLFO BOEHL, 1402",1
114,560,"MARIA IMACULADA, ESCOLA","RUA GENERAL GOMES CARNEIRO, 364",1
114,563,"CIDADE JARDIM, ESC EST ENS FUND","AV. FABIO ARAUJO SANTOS, S/N",1
114,572,"PARANÁ, ESC EST ENS FUND","AV TAQUARY, 395",1
114,581,"UNIVERSITÁRIO, COLÉGIO","AV. TERESOPOLIS, 2805",1
114,588,"PROF. AFONSO GUERREIRO LIMA, ESC EST ENS FUND","RUA BANCO INGLÊS, 300",1
158,96,SANTA ROSA - ESC. EST. DE ENS. MEDIO,"AV. BERNARDINO DE OLIVEIRA PAIM, 665 - VILA SANTA ROSA",10
158,17,GOVERNADOR ILDO MENEGHETTI - ESC. MUNICIPAL DE ENS. FUNDAMENTAL,"RUA JAYME CYRINO MACHADO DE OLIVEIRA, 250",9
158,20,SANTA ROSA - ESC. EST. DE ENS. MEDIO,"AV. BERNARDINO DE OLIVEIRA PAIM, 665 - VILA SANTA ROSA",9
158,67,INSTITUTO DE EDUCACAO SAO FRANCISCO,"AV. BALTAZAR DE OLIVEIRA GARCIA, 4879",7
158,71,SANTA ROSA - ESC. EST. DE ENS. MEDIO,"AV. BERNARDINO DE OLIVEIRA PAIM, 665 - VILA SANTA ROSA",7
158,101,INSTITUTO DE EDUCACAO SAO FRANCISCO,"AV. BALTAZAR DE OLIVEIRA GARCIA, 4879",7
158,143,SANTA ROSA - ESC. EST. DE ENS. MEDIO,"AV. BERNARDINO DE OLIVEIRA PAIM, 665 - VILA SANTA ROSA",7
158,202,MARIZ E BARROS - ESC. EST. DE ENS. MEDIO,"AV.  DEL. ELY CORREA PRADO, 915 - VILA SAFIRA",7
158,213,INSTITUTO DE EDUCACAO SAO FRANCISCO,"AV. BALTAZAR DE OLIVEIRA GARCIA, 4879",7
158,3,BALTAZAR DE OLIVEIRA GARCIA - ESC. EST. DE ENS. MEDIO,"RUA  SGT. SILVIO DELMAR HOLLENBACH, 69",6
158,34,GOVERNADOR ILDO MENEGHETTI - ESC. MUNICIPAL DE ENS. FUNDAMENTAL,"RUA JAYME CYRINO MACHADO DE OLIVEIRA, 250",6
158,93,BALTAZAR DE OLIVEIRA GARCIA - ESC. EST. DE ENS. MEDIO,"RUA  SGT. SILVIO DELMAR HOLLENBACH, 69",6
158,179,ESCOLA ADVENTISTA SARANDI,"RUA PASSOS FIGUEIROA, 841",6
158,371,SANTA ROSA - ESC. EST. DE ENS. MEDIO,"AV. BERNARDINO DE OLIVEIRA PAIM, 665 - VILA SANTA ROSA",6
158,390,MIN. POTY MEDEIROS - ESC. EST. DE ENS. FUNDAMENTAL,"RUA VICENTE CELESTINO, 120 - PARQUE DOS MAIAS",6
158,399,MIN. POTY MEDEIROS - ESC. EST. DE ENS. FUNDAMENTAL,"RUA VICENTE CELESTINO, 120 - PARQUE DOS MAIAS",6
158,434,GOVERNADOR ILDO MENEGHETTI - ESC. MUNICIPAL DE ENS. FUNDAMENTAL,"RUA JAYME CYRINO MACHADO DE OLIVEIRA, 250",6
158,2,JOAO ANTONIO SATTE - ESC. MUNICIPAL DE ENS. FUNDAMENTAL,"AV. GAMAL ABDEL NASSER, 500 - PARQUE DOS MAIAS",5
158,22,JOAO ANTONIO SATTE - ESC. MUNICIPAL DE ENS. FUNDAMENTAL,"AV. GAMAL ABDEL NASSER, 500 - PARQUE DOS MAIAS",5
158,59,MARIZ E BARROS - ESC. EST. DE ENS. MEDIO,"AV.  DEL. ELY CORREA PRADO, 915 - VILA SAFIRA",5
158,134,BALTAZAR DE OLIVEIRA GARCIA - ESC. EST. DE ENS. MEDIO,"RUA  SGT. SILVIO DELMAR HOLLENBACH, 69",5
158,211,SANTA ROSA - ESC. EST. DE ENS. MEDIO,"AV. BERNARDINO DE OLIVEIRA PAIM, 665 - VILA SANTA ROSA",5
158,281,INSTITUTO DE EDUCACAO SAO FRANCISCO,"AV. BALTAZAR DE OLIVEIRA GARCIA, 4879",5
158,395,PADRE LEO - ESC. EST. DE ENS. FUNDAMENTAL,"RUA NOSSA SENHORA DE FATIMA, 195",5
158,411,MARIZ E BARROS - ESC. EST. DE ENS. MEDIO,"AV.  DEL. ELY CORREA PRADO, 915 - VILA SAFIRA",5
158,412,DAVID CANABARRO - ESC. EST. DE ENS. FUNDAMENTAL,"RUA LYDIA MOSCHETTI, 200 - JARDIM LEOPOLDINA",5
158,415,MIN. POTY MEDEIROS - ESC. EST. DE ENS. FUNDAMENTAL,"RUA VICENTE CELESTINO, 120 - PARQUE DOS MAIAS",5
158,421,DAVID CANABARRO - ESC. EST. DE ENS. FUNDAMENTAL,"RUA LYDIA MOSCHETTI, 200 - JARDIM LEOPOLDINA",5
158,437,JOAO ANTONIO SATTE - ESC. MUNICIPAL DE ENS. FUNDAMENTAL,"AV. GAMAL ABDEL NASSER, 500 - PARQUE DOS MAIAS",5
158,469,GOVERNADOR ILDO MENEGHETTI - ESC. MUNICIPAL DE ENS. FUNDAMENTAL,"RUA JAYME CYRINO MACHADO DE OLIVEIRA, 250",5
158,506,INSTITUTO DE EDUCACAO SAO FRANCISCO,"AV. BALTAZAR DE OLIVEIRA GARCIA, 4879",5
158,517,DECIO MARTINS COSTA - E. M. E. F - SANTO AGOSTINHO,"RUA CRISTÓVÃO JAQUES, 488 - VILA SANTO AGOSTINHO",5
158,519,MIN. POTY MEDEIROS - ESC. EST. DE ENS. FUNDAMENTAL,"RUA VICENTE CELESTINO, 120 - PARQUE DOS MAIAS",5
158,21,ARAUJO PORTO ALEGRE - ESC. EST. DE ENS. FUNDAMENTAL,"RUA PANDIA CALOGERAS, 429 - VILA ELIZABETH",4
158,25,DEP. VICTOR ISSLER - ESC. MUNICIPAL DE ENS. FUNDAMENTAL,"RUA DEZENOVE DE FEVEREIRO, 330 - CHACARA DA FUMACA",4
158,51,CHICO MENDES - ESC. MUNICIPAL DE ENS. FUNDAMENTAL,"RUA GENTIL AMANCIO CLEMENTE, S/N - CHÁCARA DA FUMAÇA",4
158,73,JOAO ANTONIO SATTE - ESC. MUNICIPAL DE ENS. FUNDAMENTAL,"AV. GAMAL ABDEL NASSER, 500 - PARQUE DOS MAIAS",4
158,82,CENTRO DE ENSINO MEDIO PASTOR DOHMS - UNIDADE ZONA NORTE,"AV. IRENE RUPERTI, 25",4
158,83,SANTA ROSA - ESC. EST. DE ENS. MEDIO,"AV. BERNARDINO DE OLIVEIRA PAIM, 665 - VILA SANTA ROSA",4
158,88,MIN. POTY MEDEIROS - ESC. EST. DE ENS. FUNDAMENTAL,"RUA VICENTE CELESTINO, 120 - PARQUE DOS MAIAS",4
158,110,BALTAZAR DE OLIVEIRA GARCIA - ESC. EST. DE ENS. MEDIO,"RUA  SGT. SILVIO DELMAR HOLLENBACH, 69",4
158,122,SANTA ROSA - ESC. EST. DE ENS. MEDIO,"AV. BERNARDINO DE OLIVEIRA PAIM, 665 - VILA SANTA ROSA",4
158,144,DECIO MARTINS COSTA - E. M. E. F - SANTO AGOSTINHO,"RUA CRISTÓVÃO JAQUES, 488 - VILA SANTO AGOSTINHO",4
158,147,BALTAZAR DE OLIVEIRA GARCIA - ESC. EST. DE ENS. MEDIO,"RUA  SGT. SILVIO DELMAR HOLLENBACH, 69",4
158,183,DECIO MARTINS COSTA - E. M. E. F - SANTO AGOSTINHO,"RUA CRISTÓVÃO JAQUES, 488 - VILA SANTO AGOSTINHO",4
158,187,BALTAZAR DE OLIVEIRA GARCIA - ESC. EST. DE ENS. MEDIO,"RUA  SGT. SILVIO DELMAR HOLLENBACH, 69",4
158,190,INSTITUTO DE EDUCACAO SAO FRANCISCO,"AV. BALTAZAR DE OLIVEIRA GARCIA, 4879",4
158,220,DECIO MARTINS COSTA - E. M. E. F - SANTO AGOSTINHO,"RUA CRISTÓVÃO JAQUES, 488 - VILA SANTO AGOSTINHO",4
158,224,SANTA ROSA - ESC. EST. DE ENS. MEDIO,"AV. BERNARDINO DE OLIVEIRA PAIM, 665 - VILA SANTA ROSA",4
158,259,MARIZ E BARROS - ESC. EST. DE ENS. MEDIO,"AV.  DEL. ELY CORREA PRADO, 915 - VILA SAFIRA",4
158,268,BENTO GONCALVES - ESC. EST. DE ENSINO FUNDAMENTAL,"RUA JORGE FURTADO, 47 - VILA NOVA SANTA ROSA",4
158,285,ARAUJO PORTO ALEGRE - ESC. EST. DE ENS. FUNDAMENTAL,"RUA PANDIA CALOGERAS, 429 - VILA ELIZABETH",4
158,357,SANTA ROSA - ESC. EST. DE ENS. MEDIO,"AV. BERNARDINO DE OLIVEIRA PAIM, 665 - VILA SANTA ROSA",4
158,358,JOAO ANTONIO SATTE - ESC. MUNICIPAL DE ENS. FUNDAMENTAL,"AV. GAMAL ABDEL NASSER, 500 - PARQUE DOS MAIAS",4
158,394,JOAO ANTONIO SATTE - ESC. MUNICIPAL DE ENS. FUNDAMENTAL,"AV. GAMAL ABDEL NASSER, 500 - PARQUE DOS MAIAS",4
158,403,GOVERNADOR ILDO MENEGHETTI - ESC. MUNICIPAL DE ENS. FUNDAMENTAL,"RUA JAYME CYRINO MACHADO DE OLIVEIRA, 250",4
158,420,MARIZ E BARROS - ESC. EST. DE ENS. MEDIO,"AV.  DEL. ELY CORREA PRADO, 915 - VILA SAFIRA",4
158,472,MARIZ E BARROS - ESC. EST. DE ENS. MEDIO,"AV.  DEL. ELY CORREA PRADO, 915 - VILA SAFIRA",4
158,507,BENTO GONCALVES - ESC. EST. DE ENSINO FUNDAMENTAL,"RUA JORGE FURTADO, 47 - VILA NOVA SANTA ROSA",4
158,522,SANTA ROSA - ESC. EST. DE ENS. MEDIO,"AV. BERNARDINO DE OLIVEIRA PAIM, 665 - VILA SANTA ROSA",4
158,538,DEP. VICTOR ISSLER - ESC. MUNICIPAL DE ENS. FUNDAMENTAL,"RUA DEZENOVE DE FEVEREIRO, 330 - CHACARA DA FUMACA",4
158,13,JULIO BRUNELLI - ESC. EST. DE ENS. FUNDAMENTAL,"RUA FERNANDO CAMARANO, 220 - COHAB RUBEM BERTA",3
158,45,DECIO MARTINS COSTA - E. M. E. F - SANTO AGOSTINHO,"RUA CRISTÓVÃO JAQUES, 488 - VILA SANTO AGOSTINHO",3
158,55,INSTITUTO DE EDUCACAO SAO FRANCISCO,"AV. BALTAZAR DE OLIVEIRA GARCIA, 4879",3
158,56,DAVID CANABARRO - ESC. EST. DE ENS. FUNDAMENTAL,"RUA LYDIA MOSCHETTI, 200 - JARDIM LEOPOLDINA",3
158,64,BALTAZAR DE OLIVEIRA GARCIA - ESC. EST. DE ENS. MEDIO,"RUA  SGT. SILVIO DELMAR HOLLENBACH, 69",3
158,68,BALTAZAR DE OLIVEIRA GARCIA - ESC. EST. DE ENS. MEDIO,"RUA  SGT. SILVIO DELMAR HOLLENBACH, 69",3
158,81,INSTITUTO DE EDUCACAO SAO FRANCISCO,"AV. BALTAZAR DE OLIVEIRA GARCIA, 4879",3
158,90,JULIO BRUNELLI - ESC. EST. DE ENS. FUNDAMENTAL,"RUA FERNANDO CAMARANO, 220 - COHAB RUBEM BERTA",3
158,92,DEP. VICTOR ISSLER - ESC. MUNICIPAL DE ENS. FUNDAMENTAL,"RUA DEZENOVE DE FEVEREIRO, 330 - CHACARA DA FUMACA",3
158,102,JOAO ANTONIO SATTE - ESC. MUNICIPAL DE ENS. FUNDAMENTAL,"AV. GAMAL ABDEL NASSER, 500 - PARQUE DOS MAIAS",3
158,130,MARIZ E BARROS - ESC. EST. DE ENS. MEDIO,"AV.  DEL. ELY CORREA PRADO, 915 - VILA SAFIRA",3
158,145,INSTITUTO DE EDUCACAO SAO FRANCISCO,"AV. BALTAZAR DE OLIVEIRA GARCIA, 4879",3
158,153,MAJOR MIGUEL JOSE PEREIRA - ESC. EST. DE ENS. FUNDAMENTAL,"RUA JACKSON DE FIGUEIREDO, 675 - VILA ELIZABETH",3
158,154,ESCOLA ADVENTISTA SARANDI,"RUA PASSOS FIGUEIROA, 841",3
158,161,SANTA ROSA - ESC. EST. DE ENS. MEDIO,"AV. BERNARDINO DE OLIVEIRA PAIM, 665 - VILA SANTA ROSA",3
158,170,INSTITUTO DE EDUCACAO SAO FRANCISCO,"AV. BALTAZAR DE OLIVEIRA GARCIA, 4879",3
158,175,BALTAZAR DE OLIVEIRA GARCIA - ESC. EST. DE ENS. MEDIO,"RUA  SGT. SILVIO DELMAR HOLLENBACH, 69",3
158,181,SANTA ROSA - ESC. EST. DE ENS. MEDIO,"AV. BERNARDINO DE OLIVEIRA PAIM, 665 - VILA SANTA ROSA",3
158,209,JOAO ANTONIO SATTE - ESC. MUNICIPAL DE ENS. FUNDAMENTAL,"AV. GAMAL ABDEL NASSER, 500 - PARQUE DOS MAIAS",3
158,233,MAJOR MIGUEL JOSE PEREIRA - ESC. EST. DE ENS. FUNDAMENTAL,"RUA JACKSON DE FIGUEIREDO, 675 - VILA ELIZABETH",3
158,235,INSTITUTO DE EDUCACAO SAO FRANCISCO,"AV. BALTAZAR DE OLIVEIRA GARCIA, 4879",3
158,240,BENTO GONCALVES - ESC. EST. DE ENSINO FUNDAMENTAL,"RUA JORGE FURTADO, 47 - VILA NOVA SANTA ROSA",3
158,254,DAVID CANABARRO - ESC. EST. DE ENS. FUNDAMENTAL,"RUA LYDIA MOSCHETTI, 200 - JARDIM LEOPOLDINA",3
158,266,DECIO MARTINS COSTA - E. M. E. F - SANTO AGOSTINHO,"RUA CRISTÓVÃO JAQUES, 488 - VILA SANTO AGOSTINHO",3
158,278,PRES. JOAO BELCHIOR M. GOULART - ESC. MUN. DE ENS. FUND.,"RUA JOAO LUIZ PUFAL, 100 - VILA ELIZABETE",3
158,292,DAVID CANABARRO - ESC. EST. DE ENS. FUNDAMENTAL,"RUA LYDIA MOSCHETTI, 200 - JARDIM LEOPOLDINA",3
158,297,JOAO ANTONIO SATTE - ESC. MUNICIPAL DE ENS. FUNDAMENTAL,"AV. GAMAL ABDEL NASSER, 500 - PARQUE DOS MAIAS",3
158,320,DEP. VICTOR ISSLER - ESC. MUNICIPAL DE ENS. FUNDAMENTAL,"RUA DEZENOVE DE FEVEREIRO, 330 - CHACARA DA FUMACA",3
158,331,BENTO GONCALVES - ESC. EST. DE ENSINO FUNDAMENTAL,"RUA JORGE FURTADO, 47 - VILA NOVA SANTA ROSA",3
158,334,DAVID CANABARRO - ESC. EST. DE ENS. FUNDAMENTAL,"RUA LYDIA MOSCHETTI, 200 - JARDIM LEOPOLDINA",3
158,342,ARAUJO PORTO ALEGRE - ESC. EST. DE ENS. FUNDAMENTAL,"RUA PANDIA CALOGERAS, 429 - VILA ELIZABETH",3
158,361,PADRE LEO - ESC. EST. DE ENS. FUNDAMENTAL,"RUA NOSSA SENHORA DE FATIMA, 195",3
158,362,MIN. POTY MEDEIROS - ESC. EST. DE ENS. FUNDAMENTAL,"RUA VICENTE CELESTINO, 120 - PARQUE DOS MAIAS",3
158,365,PADRE LEO - ESC. EST. DE ENS. FUNDAMENTAL,"RUA NOSSA SENHORA DE FATIMA, 195",3
158,366,SANTA ROSA - ESC. EST. DE ENS. MEDIO,"AV. BERNARDINO DE OLIVEIRA PAIM, 665 - VILA SANTA ROSA",3
158,369,PADRE LEO - ESC. EST. DE ENS. FUNDAMENTAL,"RUA NOSSA SENHORA DE FATIMA, 195",3
158,374,MIN. POTY MEDEIROS - ESC. EST. DE ENS. FUNDAMENTAL,"RUA VICENTE CELESTINO, 120 - PARQUE DOS MAIAS",3
158,378,MIN. POTY MEDEIROS - ESC. EST. DE ENS. FUNDAMENTAL,"RUA VICENTE CELESTINO, 120 - PARQUE DOS MAIAS",3
158,392,ENG. RODOLFO AHRONS - ESC. EST. DE ENS. FUNDAMENTAL,"EST. ANTÔNIO SEVERINO, 109 - VILA VARIG",3
158,393,BALTAZAR DE OLIVEIRA GARCIA - ESC. EST. DE ENS. MEDIO,"RUA  SGT. SILVIO DELMAR HOLLENBACH, 69",3
158,397,MARIZ E BARROS - ESC. EST. DE ENS. MEDIO,"AV.  DEL. ELY CORREA PRADO, 915 - VILA SAFIRA",3
158,401,BALTAZAR DE OLIVEIRA GARCIA - ESC. EST. DE ENS. MEDIO,"RUA  SGT. SILVIO DELMAR HOLLENBACH, 69",3
158,419,DEP. VICTOR ISSLER - ESC. MUNICIPAL DE ENS. FUNDAMENTAL,"RUA DEZENOVE DE FEVEREIRO, 330 - CHACARA DA FUMACA",3
158,422,ENG. RODOLFO AHRONS - ESC. EST. DE ENS. FUNDAMENTAL,"EST. ANTÔNIO SEVERINO, 109 - VILA VARIG",3
158,430,PROF. AURORA PEIXOTO DE AZEVEDO - ESC. EST. DE ENS. FUNDAMENTAL,"RUA PEDRO DOS SANTOS SÁ, 50 - VILA NOVA BRASILIA",3
158,440,JULIO BRUNELLI - ESC. EST. DE ENS. FUNDAMENTAL,"RUA FERNANDO CAMARANO, 220 - COHAB RUBEM BERTA",3
158,442,DECIO MARTINS COSTA - E. M. E. F - SANTO AGOSTINHO,"RUA CRISTÓVÃO JAQUES, 488 - VILA SANTO AGOSTINHO",3
158,446,JOAO ANTONIO SATTE - ESC. MUNICIPAL DE ENS. FUNDAMENTAL,"AV. GAMAL ABDEL NASSER, 500 - PARQUE DOS MAIAS",3
158,449,MARIZ E BARROS - ESC. EST. DE ENS. MEDIO,"AV.  DEL. ELY CORREA PRADO, 915 - VILA SAFIRA",3
158,453,ESCOLA ADVENTISTA SARANDI,"RUA PASSOS FIGUEIROA, 841",3
158,454,ENG. RODOLFO AHRONS - ESC. EST. DE ENS. FUNDAMENTAL,"EST. ANTÔNIO SEVERINO, 109 - VILA VARIG",3
158,459,MIN. POTY MEDEIROS - ESC. EST. DE ENS. FUNDAMENTAL,"RUA VICENTE CELESTINO, 120 - PARQUE DOS MAIAS",3
158,465,DECIO MARTINS COSTA - E. M. E. F - SANTO AGOSTINHO,"RUA CRISTÓVÃO JAQUES, 488 - VILA SANTO AGOSTINHO",3
158,468,DEP. VICTOR ISSLER - ESC. MUNICIPAL DE ENS. FUNDAMENTAL,"RUA DEZENOVE DE FEVEREIRO, 330 - CHACARA DA FUMACA",3
158,478,CHICO MENDES - ESC. MUNICIPAL DE ENS. FUNDAMENTAL,"RUA GENTIL AMANCIO CLEMENTE, S/N - CHÁCARA DA FUMAÇA",3
158,487,CENTRO DE ENSINO MEDIO PASTOR DOHMS - UNIDADE ZONA NORTE,"AV. IRENE RUPERTI, 25",3
158,496,DECIO MARTINS COSTA - E. M. E. F - SANTO AGOSTINHO,"RUA CRISTÓVÃO JAQUES, 488 - VILA SANTO AGOSTINHO",3
158,497,ARAUJO PORTO ALEGRE - ESC. EST. DE ENS. FUNDAMENTAL,"RUA PANDIA CALOGERAS, 429 - VILA ELIZABETH",3
158,503,DAVID CANABARRO - ESC. EST. DE ENS. FUNDAMENTAL,"RUA LYDIA MOSCHETTI, 200 - JARDIM LEOPOLDINA",3
158,512,CENTRO DE ENSINO MEDIO PASTOR DOHMS - UNIDADE ZONA NORTE,"AV. IRENE RUPERTI, 25",3
158,526,DAVID CANABARRO - ESC. EST. DE ENS. FUNDAMENTAL,"RUA LYDIA MOSCHETTI, 200 - JARDIM LEOPOLDINA",3
158,534,GOVERNADOR ILDO MENEGHETTI - ESC. MUNICIPAL DE ENS. FUNDAMENTAL,"RUA JAYME CYRINO MACHADO DE OLIVEIRA, 250",3
158,535,CENTRO DE ENSINO MEDIO PASTOR DOHMS - UNIDADE ZONA NORTE,"AV. IRENE RUPERTI, 25",3
158,536,CHICO MENDES - ESC. MUNICIPAL DE ENS. FUNDAMENTAL,"RUA GENTIL AMANCIO CLEMENTE, S/N - CHÁCARA DA FUMAÇA",3
158,546,MARIZ E BARROS - ESC. EST. DE ENS. MEDIO,"AV.  DEL. ELY CORREA PRADO, 915 - VILA SAFIRA",3
158,1,JULIO BRUNELLI - ESC. EST. DE ENS. FUNDAMENTAL,"RUA FERNANDO CAMARANO, 220 - COHAB RUBEM BERTA",2
158,6,GOVERNADOR ILDO MENEGHETTI - ESC. MUNICIPAL DE ENS. FUNDAMENTAL,"RUA JAYME CYRINO MACHADO DE OLIVEIRA, 250",2
158,9,CENTRO DE ENSINO MEDIO PASTOR DOHMS - UNIDADE ZONA NORTE,"AV. IRENE RUPERTI, 25",2
158,14,CHICO MENDES - ESC. MUNICIPAL DE ENS. FUNDAMENTAL,"RUA GENTIL AMANCIO CLEMENTE, S/N - CHÁCARA DA FUMAÇA",2
158,35,PRES. JOAO BELCHIOR M. GOULART - ESC. MUN. DE ENS. FUND.,"RUA JOAO LUIZ PUFAL, 100 - VILA ELIZABETE",2
158,36,CENTRO DE ENSINO MEDIO PASTOR DOHMS - UNIDADE ZONA NORTE,"AV. IRENE RUPERTI, 25",2
158,37,MAJOR MIGUEL JOSE PEREIRA - ESC. EST. DE ENS. FUNDAMENTAL,"RUA JACKSON DE FIGUEIREDO, 675 - VILA ELIZABETH",2
158,43,CHICO MENDES - ESC. MUNICIPAL DE ENS. FUNDAMENTAL,"RUA GENTIL AMANCIO CLEMENTE, S/N - CHÁCARA DA FUMAÇA",2
158,47,CENTRO DE ENSINO MEDIO PASTOR DOHMS - UNIDADE ZONA NORTE,"AV. IRENE RUPERTI, 25",2
158,57,GOVERNADOR ILDO MENEGHETTI - ESC. MUNICIPAL DE ENS. FUNDAMENTAL,"RUA JAYME CYRINO MACHADO DE OLIVEIRA, 250",2
158,85,ESCOLA ADVENTISTA SARANDI,"RUA PASSOS FIGUEIROA, 841",2
158,86,BALTAZAR DE OLIVEIRA GARCIA - ESC. EST. DE ENS. MEDIO,"RUA  SGT. SILVIO DELMAR HOLLENBACH, 69",2
158,106,ESCOLA ADVENTISTA SARANDI,"RUA PASSOS FIGUEIROA, 841",2
158,116,BALTAZAR DE OLIVEIRA GARCIA - ESC. EST. DE ENS. MEDIO,"RUA  SGT. SILVIO DELMAR HOLLENBACH, 69",2
158,151,PRES. JOAO BELCHIOR M. GOULART - ESC. MUN. DE ENS. FUND.,"RUA JOAO LUIZ PUFAL, 100 - VILA ELIZABETE",2
158,158,BALTAZAR DE OLIVEIRA GARCIA - ESC. EST. DE ENS. MEDIO,"RUA  SGT. SILVIO DELMAR HOLLENBACH, 69",2
158,197,SANTA ROSA - ESC. EST. DE ENS. MEDIO,"AV. BERNARDINO DE OLIVEIRA PAIM, 665 - VILA SANTA ROSA",2
158,205,DÉCIO MARTINS COSTA - ESC. EST. VILA ELIZABETH,"RUA DOMIGOS DE ABREU, 967 - VILA ELIZABETH",2
158,243,DÉCIO MARTINS COSTA - ESC. EST. VILA ELIZABETH,"RUA DOMIGOS DE ABREU, 967 - VILA ELIZABETH",2
158,255,INSTITUTO DE EDUCACAO SAO FRANCISCO,"AV. BALTAZAR DE OLIVEIRA GARCIA, 4879",2
158,265,DEP. VICTOR ISSLER - ESC. MUNICIPAL DE ENS. FUNDAMENTAL,"RUA DEZENOVE DE FEVEREIRO, 330 - CHACARA DA FUMACA",2
158,284,DAVID CANABARRO - ESC. EST. DE ENS. FUNDAMENTAL,"RUA LYDIA MOSCHETTI, 200 - JARDIM LEOPOLDINA",2
158,298,MAJOR MIGUEL JOSE PEREIRA - ESC. EST. DE ENS. FUNDAMENTAL,"RUA JACKSON DE FIGUEIREDO, 675 - VILA ELIZABETH",2
158,301,INSTITUTO DE EDUCACAO SAO FRANCISCO,"AV. BALTAZAR DE OLIVEIRA GARCIA, 4879",2
158,305,DAVID CANABARRO - ESC. EST. DE ENS. FUNDAMENTAL,"RUA LYDIA MOSCHETTI, 200 - JARDIM LEOPOLDINA",2
158,316,"CRISTOVÃO COLOMBO, ESC. EST. E. MÉDIO","RUA REZENDE COSTA, 805",2
158,322,INSTITUTO DE EDUCACAO SAO FRANCISCO,"AV. BALTAZAR DE OLIVEIRA GARCIA, 4879",2
158,330,MARIZ E BARROS - ESC. EST. DE ENS. MEDIO,"AV.  DEL. ELY CORREA PRADO, 915 - VILA SAFIRA",2
158,344,BENTO GONCALVES - ESC. EST. DE ENSINO FUNDAMENTAL,"RUA JORGE FURTADO, 47 - VILA NOVA SANTA ROSA",2
158,346,DAVID CANABARRO - ESC. EST. DE ENS. FUNDAMENTAL,"RUA LYDIA MOSCHETTI, 200 - JARDIM LEOPOLDINA",2
158,364,DECIO MARTINS COSTA - E. M. E. F - SANTO AGOSTINHO,"RUA CRISTÓVÃO JAQUES, 488 - VILA SANTO AGOSTINHO",2
158,367,ARAUJO PORTO ALEGRE - ESC. EST. DE ENS. FUNDAMENTAL,"RUA PANDIA CALOGERAS, 429 - VILA ELIZABETH",2
158,372,PADRE LEO - ESC. EST. DE ENS. FUNDAMENTAL,"RUA NOSSA SENHORA DE FATIMA, 195",2
158,383,PADRE LEO - ESC. EST. DE ENS. FUNDAMENTAL,"RUA NOSSA SENHORA DE FATIMA, 195",2
158,404,DECIO MARTINS COSTA - E. M. E. F - SANTO AGOSTINHO,"RUA CRISTÓVÃO JAQUES, 488 - VILA SANTO AGOSTINHO",2
158,413,GOVERNADOR ILDO MENEGHETTI - ESC. MUNICIPAL DE ENS. FUNDAMENTAL,"RUA JAYME CYRINO MACHADO DE OLIVEIRA, 250",2
158,423,PROF. AURORA PEIXOTO DE AZEVEDO - ESC. EST. DE ENS. FUNDAMENTAL,"RUA PEDRO DOS SANTOS SÁ, 50 - VILA NOVA BRASILIA",2
158,431,GOVERNADOR ILDO MENEGHETTI - ESC. MUNICIPAL DE ENS. FUNDAMENTAL,"RUA JAYME CYRINO MACHADO DE OLIVEIRA, 250",2
158,439,JULIO BRUNELLI - ESC. EST. DE ENS. FUNDAMENTAL,"RUA FERNANDO CAMARANO, 220 - COHAB RUBEM BERTA",2
158,445,ARAUJO PORTO ALEGRE - ESC. EST. DE ENS. FUNDAMENTAL,"RUA PANDIA CALOGERAS, 429 - VILA ELIZABETH",2
158,460,DAVID CANABARRO - ESC. EST. DE ENS. FUNDAMENTAL,"RUA LYDIA MOSCHETTI, 200 - JARDIM LEOPOLDINA",2
158,462,CENTRO DE ENSINO MEDIO PASTOR DOHMS - UNIDADE ZONA NORTE,"AV. IRENE RUPERTI, 25",2
158,470,BENTO GONCALVES - ESC. EST. DE ENSINO FUNDAMENTAL,"RUA JORGE FURTADO, 47 - VILA NOVA SANTA ROSA",2
158,475,INSTITUTO DE EDUCACAO SAO FRANCISCO,"AV. BALTAZAR DE OLIVEIRA GARCIA, 4879",2
158,480,MIN. POTY MEDEIROS - ESC. EST. DE ENS. FUNDAMENTAL,"RUA VICENTE CELESTINO, 120 - PARQUE DOS MAIAS",2
158,486,MARIZ E BARROS - ESC. EST. DE ENS. MEDIO,"AV.  DEL. ELY CORREA PRADO, 915 - VILA SAFIRA",2
158,489,DAVID CANABARRO - ESC. EST. DE ENS. FUNDAMENTAL,"RUA LYDIA MOSCHETTI, 200 - JARDIM LEOPOLDINA",2
158,499,MARIZ E BARROS - ESC. EST. DE ENS. MEDIO,"AV.  DEL. ELY CORREA PRADO, 915 - VILA SAFIRA",2
158,500,JULIO BRUNELLI - ESC. EST. DE ENS. FUNDAMENTAL,"RUA FERNANDO CAMARANO, 220 - COHAB RUBEM BERTA",2
158,505,GOVERNADOR ILDO MENEGHETTI - ESC. MUNICIPAL DE ENS. FUNDAMENTAL,"RUA JAYME CYRINO MACHADO DE OLIVEIRA, 250",2
158,514,BALTAZAR DE OLIVEIRA GARCIA - ESC. EST. DE ENS. MEDIO,"RUA  SGT. SILVIO DELMAR HOLLENBACH, 69",2
158,520,BALTAZAR DE OLIVEIRA GARCIA - ESC. EST. DE ENS. MEDIO,"RUA  SGT. SILVIO DELMAR HOLLENBACH, 69",2
158,523,BALTAZAR DE OLIVEIRA GARCIA - ESC. EST. DE ENS. MEDIO,"RUA  SGT. SILVIO DELMAR HOLLENBACH, 69",2
158,525,MARIZ E BARROS - ESC. EST. DE ENS. MEDIO,"AV.  DEL. ELY CORREA PRADO, 915 - VILA SAFIRA",2
158,527,ESCOLA ADVENTISTA SARANDI,"RUA PASSOS FIGUEIROA, 841",2
158,543,BALTAZAR DE OLIVEIRA GARCIA - ESC. EST. DE ENS. MEDIO,"RUA  SGT. SILVIO DELMAR HOLLENBACH, 69",2
158,7,DÉCIO MARTINS COSTA - ESC. EST. VILA ELIZABETH,"RUA DOMIGOS DE ABREU, 967 - VILA ELIZABETH",1
158,8,CHICO MENDES - ESC. MUNICIPAL DE ENS. FUNDAMENTAL,"RUA GENTIL AMANCIO CLEMENTE, S/N - CHÁCARA DA FUMAÇA",1
158,10,ESCOLA ADVENTISTA SARANDI,"RUA PASSOS FIGUEIROA, 841",1
158,16,"CRISTOVÃO COLOMBO, ESC. EST. E. MÉDIO","RUA REZENDE COSTA, 805",1
158,18,CENTRO DE ENSINO MEDIO PASTOR DOHMS - UNIDADE ZONA NORTE,"AV. IRENE RUPERTI, 25",1
158,23,INSTITUTO DE EDUCACAO SAO FRANCISCO,"AV. BALTAZAR DE OLIVEIRA GARCIA, 4879",1
158,24,PRES. JOAO BELCHIOR M. GOULART - ESC. MUN. DE ENS. FUND.,"RUA JOAO LUIZ PUFAL, 100 - VILA ELIZABETE",1
158,44,MARIZ E BARROS - ESC. EST. DE ENS. MEDIO,"AV.  DEL. ELY CORREA PRADO, 915 - VILA SAFIRA",1
158,54,ARAUJO PORTO ALEGRE - ESC. EST. DE ENS. FUNDAMENTAL,"RUA PANDIA CALOGERAS, 429 - VILA ELIZABETH",1
158,58,JULIO BRUNELLI - ESC. EST. DE ENS. FUNDAMENTAL,"RUA FERNANDO CAMARANO, 220 - COHAB RUBEM BERTA",1
158,66,SANTA ROSA - ESC. EST. DE ENS. MEDIO,"AV. BERNARDINO DE OLIVEIRA PAIM, 665 - VILA SANTA ROSA",1
158,69,ESCOLA ADVENTISTA SARANDI,"RUA PASSOS FIGUEIROA, 841",1
158,75,BALTAZAR DE OLIVEIRA GARCIA - ESC. EST. DE ENS. MEDIO,"RUA  SGT. SILVIO DELMAR HOLLENBACH, 69",1
158,78,DECIO MARTINS COSTA - E. M. E. F - SANTO AGOSTINHO,"RUA CRISTÓVÃO JAQUES, 488 - VILA SANTO AGOSTINHO",1
158,79,DÉCIO MARTINS COSTA - ESC. EST. VILA ELIZABETH,"RUA DOMIGOS DE ABREU, 967 - VILA ELIZABETH",1
158,80,DECIO MARTINS COSTA - E. M. E. F - SANTO AGOSTINHO,"RUA CRISTÓVÃO JAQUES, 488 - VILA SANTO AGOSTINHO",1
158,91,ARAUJO PORTO ALEGRE - ESC. EST. DE ENS. FUNDAMENTAL,"RUA PANDIA CALOGERAS, 429 - VILA ELIZABETH",1
158,97,DAVID CANABARRO - ESC. EST. DE ENS. FUNDAMENTAL,"RUA LYDIA MOSCHETTI, 200 - JARDIM LEOPOLDINA",1
158,98,GOVERNADOR ILDO MENEGHETTI - ESC. MUNICIPAL DE ENS. FUNDAMENTAL,"RUA JAYME CYRINO MACHADO DE OLIVEIRA, 250",1
158,114,DÉCIO MARTINS COSTA - ESC. EST. VILA ELIZABETH,"RUA DOMIGOS DE ABREU, 967 - VILA ELIZABETH",1
158,136,PRES. JOAO BELCHIOR M. GOULART - ESC. MUN. DE ENS. FUND.,"RUA JOAO LUIZ PUFAL, 100 - VILA ELIZABETE",1
158,148,DEP. VICTOR ISSLER - ESC. MUNICIPAL DE ENS. FUNDAMENTAL,"RUA DEZENOVE DE FEVEREIRO, 330 - CHACARA DA FUMACA",1
158,160,DÉCIO MARTINS COSTA - ESC. EST. VILA ELIZABETH,"RUA DOMIGOS DE ABREU, 967 - VILA ELIZABETH",1
158,200,DEP. VICTOR ISSLER - ESC. MUNICIPAL DE ENS. FUNDAMENTAL,"RUA DEZENOVE DE FEVEREIRO, 330 - CHACARA DA FUMACA",1
158,247,ESCOLA ADVENTISTA SARANDI,"RUA PASSOS FIGUEIROA, 841",1
158,291,BENTO GONCALVES - ESC. EST. DE ENSINO FUNDAMENTAL,"RUA JORGE FURTADO, 47 - VILA NOVA SANTA ROSA",1
158,321,DAVID CANABARRO - ESC. EST. DE ENS. FUNDAMENTAL,"RUA LYDIA MOSCHETTI, 200 - JARDIM LEOPOLDINA",1
158,351,INSTITUTO DE EDUCACAO SAO FRANCISCO,"AV. BALTAZAR DE OLIVEIRA GARCIA, 4879",1
158,360,DÉCIO MARTINS COSTA - ESC. EST. VILA ELIZABETH,"RUA DOMIGOS DE ABREU, 967 - VILA ELIZABETH",1
158,370,MARIZ E BARROS - ESC. EST. DE ENS. MEDIO,"AV.  DEL. ELY CORREA PRADO, 915 - VILA SAFIRA",1
158,377,ESCOLA ADVENTISTA SARANDI,"RUA PASSOS FIGUEIROA, 841",1
158,379,DEP. VICTOR ISSLER - ESC. MUNICIPAL DE ENS. FUNDAMENTAL,"RUA DEZENOVE DE FEVEREIRO, 330 - CHACARA DA FUMACA",1
158,389,GOVERNADOR ILDO MENEGHETTI - ESC. MUNICIPAL DE ENS. FUNDAMENTAL,"RUA JAYME CYRINO MACHADO DE OLIVEIRA, 250",1
158,396,ARAUJO PORTO ALEGRE - ESC. EST. DE ENS. FUNDAMENTAL,"RUA PANDIA CALOGERAS, 429 - VILA ELIZABETH",1
158,402,PADRE LEO - ESC. EST. DE ENS. FUNDAMENTAL,"RUA NOSSA SENHORA DE FATIMA, 195",1
158,410,ENG. RODOLFO AHRONS - ESC. EST. DE ENS. FUNDAMENTAL,"EST. ANTÔNIO SEVERINO, 109 - VILA VARIG",1
158,416,DEP. VICTOR ISSLER - ESC. MUNICIPAL DE ENS. FUNDAMENTAL,"RUA DEZENOVE DE FEVEREIRO, 330 - CHACARA DA FUMACA",1
158,425,DEP. VICTOR ISSLER - ESC. MUNICIPAL DE ENS. FUNDAMENTAL,"RUA DEZENOVE DE FEVEREIRO, 330 - CHACARA DA FUMACA",1
158,432,JOAO ANTONIO SATTE - ESC. MUNICIPAL DE ENS. FUNDAMENTAL,"AV. GAMAL ABDEL NASSER, 500 - PARQUE DOS MAIAS",1
158,443,JULIO BRUNELLI - ESC. EST. DE ENS. FUNDAMENTAL,"RUA FERNANDO CAMARANO, 220 - COHAB RUBEM BERTA",1
158,447,ESCOLA ADVENTISTA SARANDI,"RUA PASSOS FIGUEIROA, 841",1
158,463,MAJOR MIGUEL JOSE PEREIRA - ESC. EST. DE ENS. FUNDAMENTAL,"RUA JACKSON DE FIGUEIREDO, 675 - VILA ELIZABETH",1
158,473,JULIO BRUNELLI - ESC. EST. DE ENS. FUNDAMENTAL,"RUA FERNANDO CAMARANO, 220 - COHAB RUBEM BERTA",1
158,474,DAVID CANABARRO - ESC. EST. DE ENS. FUNDAMENTAL,"RUA LYDIA MOSCHETTI, 200 - JARDIM LEOPOLDINA",1
158,477,JOAO ANTONIO SATTE - ESC. MUNICIPAL DE ENS. FUNDAMENTAL,"AV. GAMAL ABDEL NASSER, 500 - PARQUE DOS MAIAS",1
158,483,JULIO BRUNELLI - ESC. EST. DE ENS. FUNDAMENTAL,"RUA FERNANDO CAMARANO, 220 - COHAB RUBEM BERTA",1
158,484,INSTITUTO DE EDUCACAO SAO FRANCISCO,"AV. BALTAZAR DE OLIVEIRA GARCIA, 4879",1
158,488,BALTAZAR DE OLIVEIRA GARCIA - ESC. EST. DE ENS. MEDIO,"RUA  SGT. SILVIO DELMAR HOLLENBACH, 69",1
158,492,JOAO ANTONIO SATTE - ESC. MUNICIPAL DE ENS. FUNDAMENTAL,"AV. GAMAL ABDEL NASSER, 500 - PARQUE DOS MAIAS",1
158,493,GOVERNADOR ILDO MENEGHETTI - ESC. MUNICIPAL DE ENS. FUNDAMENTAL,"RUA JAYME CYRINO MACHADO DE OLIVEIRA, 250",1
158,501,MIN. POTY MEDEIROS - ESC. EST. DE ENS. FUNDAMENTAL,"RUA VICENTE CELESTINO, 120 - PARQUE DOS MAIAS",1
158,502,BALTAZAR DE OLIVEIRA GARCIA - ESC. EST. DE ENS. MEDIO,"RUA  SGT. SILVIO DELMAR HOLLENBACH, 69",1
158,509,MARIZ E BARROS - ESC. EST. DE ENS. MEDIO,"AV.  DEL. ELY CORREA PRADO, 915 - VILA SAFIRA",1
158,510,DAVID CANABARRO - ESC. EST. DE ENS. FUNDAMENTAL,"RUA LYDIA MOSCHETTI, 200 - JARDIM LEOPOLDINA",1
158,513,DECIO MARTINS COSTA - E. M. E. F - SANTO AGOSTINHO,"RUA CRISTÓVÃO JAQUES, 488 - VILA SANTO AGOSTINHO",1
158,515,CHICO MENDES - ESC. MUNICIPAL DE ENS. FUNDAMENTAL,"RUA GENTIL AMANCIO CLEMENTE, S/N - CHÁCARA DA FUMAÇA",1
158,521,CENTRO DE ENSINO MEDIO PASTOR DOHMS - UNIDADE ZONA NORTE,"AV. IRENE RUPERTI, 25",1
158,524,DEP. VICTOR ISSLER - ESC. MUNICIPAL DE ENS. FUNDAMENTAL,"RUA DEZENOVE DE FEVEREIRO, 330 - CHACARA DA FUMACA",1
158,529,SANTA ROSA - ESC. EST. DE ENS. MEDIO,"AV. BERNARDINO DE OLIVEIRA PAIM, 665 - VILA SANTA ROSA",1
158,531,JULIO BRUNELLI - ESC. EST. DE ENS. FUNDAMENTAL,"RUA FERNANDO CAMARANO, 220 - COHAB RUBEM BERTA",1
158,532,BALTAZAR DE OLIVEIRA GARCIA - ESC. EST. DE ENS. MEDIO,"RUA  SGT. SILVIO DELMAR HOLLENBACH, 69",1
158,533,CESMAR - CENTRO SOCIAL MARISTA,"ESTRADA ANTONIO SEVERINO,1493",1
158,537,MARIZ E BARROS - ESC. EST. DE ENS. MEDIO,"AV.  DEL. ELY CORREA PRADO, 915 - VILA SAFIRA",1
158,539,BALTAZAR DE OLIVEIRA GARCIA - ESC. EST. DE ENS. MEDIO,"RUA  SGT. SILVIO DELMAR HOLLENBACH, 69",1
158,541,CHICO MENDES - ESC. MUNICIPAL DE ENS. FUNDAMENTAL,"RUA GENTIL AMANCIO CLEMENTE, S/N - CHÁCARA DA FUMAÇA",1
158,544,CESMAR - CENTRO SOCIAL MARISTA,"ESTRADA ANTONIO SEVERINO,1493",1
159,495,COLEGIO DE APLICACAO DA UFRGS,"AV. BENTO GONCALVES, 9500",49
159,10,COLEGIO DE APLICACAO DA UFRGS,"AV. BENTO GONCALVES, 9500",43
159,185,COLEGIO DE APLICACAO DA UFRGS,"AV. BENTO GONCALVES, 9500",43
159,42,COLEGIO DE APLICACAO DA UFRGS,"AV. BENTO GONCALVES, 9500",41
159,323,COLEGIO DE APLICACAO DA UFRGS,"AV. BENTO GONCALVES, 9500",41
159,162,COLEGIO DE APLICACAO DA UFRGS,"AV. BENTO GONCALVES, 9500",38
159,120,COLEGIO DE APLICACAO DA UFRGS,"AV. BENTO GONCALVES, 9500",37
159,145,COLEGIO DE APLICACAO DA UFRGS,"AV. BENTO GONCALVES, 9500",36
159,226,COLEGIO DE APLICACAO DA UFRGS,"AV. BENTO GONCALVES, 9500",36
159,284,COLEGIO DE APLICACAO DA UFRGS,"AV. BENTO GONCALVES, 9500",35
159,20,COLEGIO DE APLICACAO DA UFRGS,"AV. BENTO GONCALVES, 9500",34
159,214,COLEGIO DE APLICACAO DA UFRGS,"AV. BENTO GONCALVES, 9500",29
159,90,COLEGIO DE APLICACAO DA UFRGS,"AV. BENTO GONCALVES, 9500",28
159,176,COLEGIO DE APLICACAO DA UFRGS,"AV. BENTO GONCALVES, 9500",27
159,473,COLEGIO DE APLICACAO DA UFRGS,"AV. BENTO GONCALVES, 9500",26
159,56,ESC. EST. DE 1 GRAU PROF. ALCIDES CUNHA,"RUA HELIO PIMPAO, 52",23
159,516,ESC. EST. DE ENSINO MÉDIO AGRÔNOMO PEDRO PEREIRA,"AV. BENTO GONÇALVES, 8426",23
159,377,ESC. EST. DE 1 GRAU PROF. ALCIDES CUNHA,"RUA HELIO PIMPAO, 52",22
159,62,ESC. EST. DE 1 GRAU PROF. ALCIDES CUNHA,"RUA HELIO PIMPAO, 52",19
159,81,ESC. EST. DE 1 GRAU PROF. ALCIDES CUNHA,"RUA HELIO PIMPAO, 52",18
159,85,COLEGIO DE APLICACAO DA UFRGS,"AV. BENTO GONCALVES, 9500",18
159,154,ESC. EST. DE 1 GRAU INC. DESIDERIO TORQUATO FINAMOR,"AV. BENTO GONCALVES, 7500",18
159,39,ESC. EST. DE 1 GRAU INC. DESIDERIO TORQUATO FINAMOR,"AV. BENTO GONCALVES, 7500",17
159,527,ESC. EST. DE ENSINO MÉDIO AGRÔNOMO PEDRO PEREIRA,"AV. BENTO GONÇALVES, 8426",17
159,286,ESC. EST. DE 1 GRAU PROF. ALCIDES CUNHA,"RUA HELIO PIMPAO, 52",15
159,107,ESC. EST. DE 1 GRAU PROF. ALCIDES CUNHA,"RUA HELIO PIMPAO, 52",14
159,197,ESC. EST. DE 1 GRAU PROF. ALCIDES CUNHA,"RUA HELIO PIMPAO, 52",14
159,295,ESC. EST. DE 1 GRAU INC. DESIDERIO TORQUATO FINAMOR,"AV. BENTO GONCALVES, 7500",14
159,110,ESC. EST. DE 1 GRAU INC. DESIDERIO TORQUATO FINAMOR,"AV. BENTO GONCALVES, 7500",13
159,11,ESC. EST. DE 1 GRAU PROF. ALCIDES CUNHA,"RUA HELIO PIMPAO, 52",12
159,49,ESC. EST. DE 1 GRAU INC. DESIDERIO TORQUATO FINAMOR,"AV. BENTO GONCALVES, 7500",12
159,136,ESC. EST. DE 1 GRAU MIN. SALGADO FILHO,"RUA DR. JOSE BENTO CORREA, 100 - JARDIM YPU",12
159,141,ESC. EST. DE 1 GRAU PROF. ALCIDES CUNHA,"RUA HELIO PIMPAO, 52",12
159,192,ESCOLA ESTADUAL RAFAELA REMIAO,"ESTRADA JOÃO DE OLIVEIRA REMIÃO, 2689 - PAR. 06",12
159,324,ESC. EST. DE 1 GRAU PROF. ALCIDES CUNHA,"RUA HELIO PIMPAO, 52",12
159,518,ESC. EST. DE 1 GRAU PROF. ALCIDES CUNHA,"RUA HELIO PIMPAO, 52",12
159,221,ESC. EST. DE 1 GRAU PROF. ALCIDES CUNHA,"RUA HELIO PIMPAO, 52",11
159,256,ESC. EST. DE 1 GRAU PROF. ALCIDES CUNHA,"RUA HELIO PIMPAO, 52",11
159,361,ESC. EST. DE 1 GRAU MIN. SALGADO FILHO,"RUA DR. JOSE BENTO CORREA, 100 - JARDIM YPU",11
159,482,ESC. EST. DE 1 GRAU MIN. SALGADO FILHO,"RUA DR. JOSE BENTO CORREA, 100 - JARDIM YPU",11
159,536,ESC. EST. DE ENSINO MÉDIO AGRÔNOMO PEDRO PEREIRA,"AV. BENTO GONÇALVES, 8426",11
159,98,ESC. EST. DE 1 GRAU MIN. SALGADO FILHO,"RUA DR. JOSE BENTO CORREA, 100 - JARDIM YPU",10
159,149,ESC. EST. DE 1 GRAU MIN. SALGADO FILHO,"RUA DR. JOSE BENTO CORREA, 100 - JARDIM YPU",10
159,188,ESC. EST. DE 1 GRAU PROF. ALCIDES CUNHA,"RUA HELIO PIMPAO, 52",10
159,395,COLEGIO MARISTA CHAMPAGNAT,"AV. BENTO GONCALVES, 4314",10
159,3,ESC. EST. DE 1 GRAU MIN. SALGADO FILHO,"RUA DR. JOSE BENTO CORREA, 100 - JARDIM YPU",9
159,51,ESC. EST. DE 1 GRAU MIN. SALGADO FILHO,"RUA DR. JOSE BENTO CORREA, 100 - JARDIM YPU",9
159,57,PUCRS - PONTIFÍCIA UNIVERSIDADE CATÓLICA - PRÉDIO 50,"AV. IPIRANGA, 6681 - PRÉDIO 50",9
159,160,ESC. MUN. DE 1 GRAU AFONSO GUERREIRO LIMA,"RUA GUAIBA, 203 - PARADA 11",9
159,212,ESC. EST. DE 1 GRAU MIN. SALGADO FILHO,"RUA DR. JOSE BENTO CORREA, 100 - JARDIM YPU",9
159,283,ESC. EST. DE ENSINO FUNDAMENTAL ONOFRE PIRES,"BECO DO DAVID, 269 - PARADA 1A",9
159,373,ESC. EST. DE 1 GRAU MIN. SALGADO FILHO,"RUA DR. JOSE BENTO CORREA, 100 - JARDIM YPU",9
159,397,COLEGIO MARISTA CHAMPAGNAT,"AV. BENTO GONCALVES, 4314",9
159,491,ESC. EST. DE 1 GRAU MIN. SALGADO FILHO,"RUA DR. JOSE BENTO CORREA, 100 - JARDIM YPU",9
159,32,COLEGIO MARISTA CHAMPAGNAT,"AV. BENTO GONCALVES, 4314",8
159,73,COLEGIO MARISTA CHAMPAGNAT,"AV. BENTO GONCALVES, 4314",8
159,105,PUCRS - PONTIFÍCIA UNIVERSIDADE CATÓLICA - PRÉDIO 50,"AV. IPIRANGA, 6681 - PRÉDIO 50",8
159,164,ESC. EST. DE 1 GRAU INC. DESIDERIO TORQUATO FINAMOR,"AV. BENTO GONCALVES, 7500",8
159,201,ESCOLA ESTADUAL RAFAELA REMIAO,"ESTRADA JOÃO DE OLIVEIRA REMIÃO, 2689 - PAR. 06",8
159,207,ESC. EST. DE 1 GRAU INC. DESIDERIO TORQUATO FINAMOR,"AV. BENTO GONCALVES, 7500",8
159,510,FACULDADE DE DIREITO-PUCRS (PRÉDIO 11),"AV. IPIRANGA, 6681 - PRÉDIO 11",8
159,532,ESC. EST. DE 1 GRAU MIN. SALGADO FILHO,"RUA DR. JOSE BENTO CORREA, 100 - JARDIM YPU",8
159,38,ESC. EST. DE 1 GRAU MIN. SALGADO FILHO,"RUA DR. JOSE BENTO CORREA, 100 - JARDIM YPU",7
159,86,PUCRS - PONTIFÍCIA UNIVERSIDADE CATÓLICA - PRÉDIO 50,"AV. IPIRANGA, 6681 - PRÉDIO 50",7
159,117,COLEGIO MARISTA CHAMPAGNAT,"AV. BENTO GONCALVES, 4314",7
159,125,COLEGIO MARISTA CHAMPAGNAT,"AV. BENTO GONCALVES, 4314",7
159,135,ESC. EST. DE ENSINO FUNDAMENTAL MARIA CRISTINA CHIKA,"ESTR. JOAO DE OLIVEIRA REMIAO, 6505 - PARADA 16",7
159,210,ESC. MUN. DE 1 GRAU AFONSO GUERREIRO LIMA,"RUA GUAIBA, 203 - PARADA 11",7
159,285,COLEGIO MARISTA CHAMPAGNAT,"AV. BENTO GONCALVES, 4314",7
159,332,ESC. EST. DE ENSINO FUNDAMENTAL ONOFRE PIRES,"BECO DO DAVID, 269 - PARADA 1A",7
159,371,ESC. EST. DE ENSINO FUNDAMENTAL ONOFRE PIRES,"BECO DO DAVID, 269 - PARADA 1A",7
159,12,ESC. MUN. DE 1 GRAU HEITOR VILLA LOBOS - CIEM,"RUA SANTO DIAS DA SILVA, S/N - VILA MAPA - PARADA 4",6
159,68,ESC. MUN. DE 1 GRAU HEITOR VILLA LOBOS - CIEM,"RUA SANTO DIAS DA SILVA, S/N - VILA MAPA - PARADA 4",6
159,77,COLEGIO MARISTA CHAMPAGNAT,"AV. BENTO GONCALVES, 4314",6
159,92,ESC. EST. DE 1 GRAU ARAUJO VIANA,"RUA NOVE DE JUNHO, 542",6
159,102,ESC. MUN. DE 1 GRAU HEITOR VILLA LOBOS - CIEM,"RUA SANTO DIAS DA SILVA, S/N - VILA MAPA - PARADA 4",6
159,147,ESC. MUN. DE 1 GRAU HEITOR VILLA LOBOS - CIEM,"RUA SANTO DIAS DA SILVA, S/N - VILA MAPA - PARADA 4",6
159,148,PUCRS - PONTIFÍCIA UNIVERSIDADE CATÓLICA - PRÉDIO 50,"AV. IPIRANGA, 6681 - PRÉDIO 50",6
159,218,FACULDADE DE DIREITO-PUCRS (PRÉDIO 11),"AV. IPIRANGA, 6681 - PRÉDIO 11",6
159,383,ESC. MUN. DE 1 GRAU SAO PEDRO,"BECO DA TAQUARA, S/N - VILA SAO PEDRO - PARADA 13",6
159,399,ESCOLA DE 1 GRAU NOSSA SENHORA DO BRASIL,"RUA ALARICO VALENCA, 161",6
159,410,ESC. MUN. DE 1 GRAU AFONSO GUERREIRO LIMA,"RUA GUAIBA, 203 - PARADA 11",6
159,462,PUCRS - PONTIFÍCIA UNIVERSIDADE CATÓLICA - PRÉDIO 50,"AV. IPIRANGA, 6681 - PRÉDIO 50",6
159,483,ESCOLA ESTADUAL RAFAELA REMIAO,"ESTRADA JOÃO DE OLIVEIRA REMIÃO, 2689 - PAR. 06",6
159,517,ESC. EST. DE ENSINO FUNDAMENTAL MARIA CRISTINA CHIKA,"ESTR. JOAO DE OLIVEIRA REMIAO, 6505 - PARADA 16",6
159,530,ESC. MUN. DE 1 GRAU HEITOR VILLA LOBOS - CIEM,"RUA SANTO DIAS DA SILVA, S/N - VILA MAPA - PARADA 4",6
159,6,ESC. EST. DE 1 GRAU INC. JERONIMO DE ALBUQUERQUE,"RUA JUAREZ TAVORA, 550",5
159,8,ESC. MUN. DE 1 GRAU AFONSO GUERREIRO LIMA,"RUA GUAIBA, 203 - PARADA 11",5
159,45,ESC. EST. DE 1 GRAU ARAUJO VIANA,"RUA NOVE DE JUNHO, 542",5
159,47,PUC - PRÉDIO 11 - SEÇÕES EEEF DR. MARTINS COSTA JUNIOR,"AV.IPIRANGA, 6681",5
159,61,ESC. MUN. DE 1 GRAU AFONSO GUERREIRO LIMA,"RUA GUAIBA, 203 - PARADA 11",5
159,67,PUC - PRÉDIO 11 - SEÇÕES EEEF DR. MARTINS COSTA JUNIOR,"AV.IPIRANGA, 6681",5
159,79,ESC. EST. DE ENSINO FUNDAMENTAL MARIA CRISTINA CHIKA,"ESTR. JOAO DE OLIVEIRA REMIAO, 6505 - PARADA 16",5
159,100,ESC. MUN. DE 1 GRAU INC. SAINT HILAIRE,"RUA GERVAZIO BRAGA PINHEIRO, 427 - VILA PANORAMA - PARADA 18",5
159,108,ESC. MUN. DE 1 GRAU HEITOR VILLA LOBOS - CIEM,"RUA SANTO DIAS DA SILVA, S/N - VILA MAPA - PARADA 4",5
159,130,ESC. EST. DR. OSCAR TOLLENS,"RUA VIDAL DE NEGREIROS, 432",5
159,133,ESC. MUN. DE 1 GRAU AFONSO GUERREIRO LIMA,"RUA GUAIBA, 203 - PARADA 11",5
159,138,ESC. EST. DE ENSINO FUNDAMENTAL ONOFRE PIRES,"BECO DO DAVID, 269 - PARADA 1A",5
159,190,PUCRS - PONTIFÍCIA UNIVERSIDADE CATÓLICA - PRÉDIO 50,"AV. IPIRANGA, 6681 - PRÉDIO 50",5
159,209,ESCOLA DE 1 GRAU NOSSA SENHORA DO BRASIL,"RUA ALARICO VALENCA, 161",5
159,215,ESC. EST. DE 1 GRAU ARAUJO VIANA,"RUA NOVE DE JUNHO, 542",5
159,229,ESCOLA ESTADUAL RAFAELA REMIAO,"ESTRADA JOÃO DE OLIVEIRA REMIÃO, 2689 - PAR. 06",5
159,235,ESC. MUN. DE 1 GRAU AFONSO GUERREIRO LIMA,"RUA GUAIBA, 203 - PARADA 11",5
159,317,ESC. EST. DE 1 GRAU INC. DESIDERIO TORQUATO FINAMOR,"AV. BENTO GONCALVES, 7500",5
159,335,PUCRS - PONTIFÍCIA UNIVERSIDADE CATÓLICA - PRÉDIO 50,"AV. IPIRANGA, 6681 - PRÉDIO 50",5
159,356,COLEGIO SAO JOSE DO MURIALDO,"RUA VIDAL DE NEGREIROS, 423",5
159,376,COLEGIO MARISTA CHAMPAGNAT,"AV. BENTO GONCALVES, 4314",5
159,379,ESC. EST. DE 1 GRAU INC. JERONIMO DE ALBUQUERQUE,"RUA JUAREZ TAVORA, 550",5
159,380,COLEGIO SAO JOSE DO MURIALDO,"RUA VIDAL DE NEGREIROS, 423",5
159,387,ESC. MUN. DE 1 GRAU SAO PEDRO,"BECO DA TAQUARA, S/N - VILA SAO PEDRO - PARADA 13",5
159,393,COLEGIO SAO JOSE DO MURIALDO,"RUA VIDAL DE NEGREIROS, 423",5
159,409,ESC. MUN. DE 1 GRAU INC. SAINT HILAIRE,"RUA GERVAZIO BRAGA PINHEIRO, 427 - VILA PANORAMA - PARADA 18",5
159,464,PUCRS - PONTIFÍCIA UNIVERSIDADE CATÓLICA - PRÉDIO 50,"AV. IPIRANGA, 6681 - PRÉDIO 50",5
159,470,ESCOLA ESTADUAL RAFAELA REMIAO,"ESTRADA JOÃO DE OLIVEIRA REMIÃO, 2689 - PAR. 06",5
159,494,FACULDADE DE DIREITO-PUCRS (PRÉDIO 11),"AV. IPIRANGA, 6681 - PRÉDIO 11",5
159,506,ESC. MUN. DE 1 GRAU SAO PEDRO,"BECO DA TAQUARA, S/N - VILA SAO PEDRO - PARADA 13",5
159,538,ESCOLA ESTADUAL RAFAELA REMIAO,"ESTRADA JOÃO DE OLIVEIRA REMIÃO, 2689 - PAR. 06",5
159,19,COLEGIO MARISTA CHAMPAGNAT,"AV. BENTO GONCALVES, 4314",4
159,24,ESC. EST. DE ENSINO FUNDAMENTAL ONOFRE PIRES,"BECO DO DAVID, 269 - PARADA 1A",4
159,34,ESC. EST. DE 1 GRAU INC. JERONIMO DE ALBUQUERQUE,"RUA JUAREZ TAVORA, 550",4
159,52,ESC. EST. DE ENSINO FUNDAMENTAL MARIA CRISTINA CHIKA,"ESTR. JOAO DE OLIVEIRA REMIAO, 6505 - PARADA 16",4
159,58,PUCRS - PONTIFÍCIA UNIVERSIDADE CATÓLICA - PRÉDIO 50,"AV. IPIRANGA, 6681 - PRÉDIO 50",4
159,65,ESC. EST. DE ENSINO FUNDAMENTAL MARIA CRISTINA CHIKA,"ESTR. JOAO DE OLIVEIRA REMIAO, 6505 - PARADA 16",4
159,75,PUCRS - PONTIFÍCIA UNIVERSIDADE CATÓLICA - PRÉDIO 50,"AV. IPIRANGA, 6681 - PRÉDIO 50",4
159,82,ESC. MUN. DE 1 GRAU AFONSO GUERREIRO LIMA,"RUA GUAIBA, 203 - PARADA 11",4
159,89,ESC. EST. DE ENSINO FUNDAMENTAL MARIA CRISTINA CHIKA,"ESTR. JOAO DE OLIVEIRA REMIAO, 6505 - PARADA 16",4
159,103,PUCRS - PONTIFÍCIA UNIVERSIDADE CATÓLICA - PRÉDIO 50,"AV. IPIRANGA, 6681 - PRÉDIO 50",4
159,113,COLEGIO SAO JOSE DO MURIALDO,"RUA VIDAL DE NEGREIROS, 423",4
159,124,COLEGIO MARISTA CHAMPAGNAT,"AV. BENTO GONCALVES, 4314",4
159,158,PUCRS - PONTIFÍCIA UNIVERSIDADE CATÓLICA - PRÉDIO 50,"AV. IPIRANGA, 6681 - PRÉDIO 50",4
159,165,ESC. EST. DE ENSINO FUNDAMENTAL MARIA CRISTINA CHIKA,"ESTR. JOAO DE OLIVEIRA REMIAO, 6505 - PARADA 16",4
159,169,COLEGIO MARISTA CHAMPAGNAT,"AV. BENTO GONCALVES, 4314",4
159,173,ESC. MUN. ENSINO FUND. PROFA. JUDITH MACEDO DE ARAUJO,"RUA SAUL CONSTANTINO, 100 - MORRO DA CRUZ",4
159,177,ESC. EST. DE 1 GRAU MIN. SALGADO FILHO,"RUA DR. JOSE BENTO CORREA, 100 - JARDIM YPU",4
159,180,ESCOLA ESTADUAL RAFAELA REMIAO,"ESTRADA JOÃO DE OLIVEIRA REMIÃO, 2689 - PAR. 06",4
159,182,PUCRS - PONTIFÍCIA UNIVERSIDADE CATÓLICA - PRÉDIO 50,"AV. IPIRANGA, 6681 - PRÉDIO 50",4
159,195,ESC. EST. DE 1 GRAU ARAUJO VIANA,"RUA NOVE DE JUNHO, 542",4
159,216,ESCOLA DE 1 GRAU NOSSA SENHORA DO BRASIL,"RUA ALARICO VALENCA, 161",4
159,228,PUC - PRÉDIO 11 - SEÇÕES EEEF DR. MARTINS COSTA JUNIOR,"AV.IPIRANGA, 6681",4
159,255,ESC. EST. DE 1 GRAU INC. JERONIMO DE ALBUQUERQUE,"RUA JUAREZ TAVORA, 550",4
159,260,PUCRS - PONTIFÍCIA UNIVERSIDADE CATÓLICA - PRÉDIO 50,"AV. IPIRANGA, 6681 - PRÉDIO 50",4
159,261,PUC - PRÉDIO 11 - SEÇÕES EEEF DR. MARTINS COSTA JUNIOR,"AV.IPIRANGA, 6681",4
159,262,COLEGIO SAO JOSE DO MURIALDO,"RUA VIDAL DE NEGREIROS, 423",4
159,278,COLEGIO SAO JOSE DO MURIALDO,"RUA VIDAL DE NEGREIROS, 423",4
159,292,PUC - PRÉDIO 11 - SEÇÕES EEEF DR. MARTINS COSTA JUNIOR,"AV.IPIRANGA, 6681",4
159,303,ESC. EST. DE ENSINO FUNDAMENTAL ONOFRE PIRES,"BECO DO DAVID, 269 - PARADA 1A",4
159,316,PUCRS - PONTIFÍCIA UNIVERSIDADE CATÓLICA - PRÉDIO 50,"AV. IPIRANGA, 6681 - PRÉDIO 50",4
159,336,COLEGIO MARISTA CHAMPAGNAT,"AV. BENTO GONCALVES, 4314",4
159,355,COLEGIO MARISTA CHAMPAGNAT,"AV. BENTO GONCALVES, 4314",4
159,366,ESC. MUN. DE 1 GRAU AFONSO GUERREIRO LIMA,"RUA GUAIBA, 203 - PARADA 11",4
159,382,ESC. MUN. DE 1 GRAU SAO PEDRO,"BECO DA TAQUARA, S/N - VILA SAO PEDRO - PARADA 13",4
159,392,ESC. EST. DE 1 GRAU INC. JERONIMO DE ALBUQUERQUE,"RUA JUAREZ TAVORA, 550",4
159,398,ESC. EST. DE 1 GRAU INC. JERONIMO DE ALBUQUERQUE,"RUA JUAREZ TAVORA, 550",4
159,400,ESC. MUN. DE 1 GRAU HEITOR VILLA LOBOS - CIEM,"RUA SANTO DIAS DA SILVA, S/N - VILA MAPA - PARADA 4",4
159,404,ESC. MUN. DE 1 GRAU HEITOR VILLA LOBOS - CIEM,"RUA SANTO DIAS DA SILVA, S/N - VILA MAPA - PARADA 4",4
159,416,ESC. EST. DE 1 GRAU INC. JERONIMO DE ALBUQUERQUE,"RUA JUAREZ TAVORA, 550",4
159,466,PAULO DA GAMA - ESCOLA ESTADUAL,"RUA SILVADO, 555",4
159,476,EMEF DEPUTADO MARCÍRIO GOULART LOUREIRO,RUA SAIBREIRA S/N,4
159,480,ESC. EST. DE ENSINO FUNDAMENTAL MADRE MARIA SELIMA,"RUA TENENTE ARY TARRAGO PARTENON, 130",4
159,487,PAULO DA GAMA - ESCOLA ESTADUAL,"RUA SILVADO, 555",4
159,490,EMEF DEPUTADO MARCÍRIO GOULART LOUREIRO,RUA SAIBREIRA S/N,4
159,508,ESCOLA ESTADUAL RAFAELA REMIAO,"ESTRADA JOÃO DE OLIVEIRA REMIÃO, 2689 - PAR. 06",4
159,14,ESCOLA DE 1 GRAU NOSSA SENHORA DO BRASIL,"RUA ALARICO VALENCA, 161",3
159,15,ESC. MUN. DE 1 GRAU SAO PEDRO,"BECO DA TAQUARA, S/N - VILA SAO PEDRO - PARADA 13",3
159,16,ESC. MUN. DE 1 GRAU HEITOR VILLA LOBOS - CIEM,"RUA SANTO DIAS DA SILVA, S/N - VILA MAPA - PARADA 4",3
159,21,ESC. MUN. DE 1 GRAU INC. SAINT HILAIRE,"RUA GERVAZIO BRAGA PINHEIRO, 427 - VILA PANORAMA - PARADA 18",3
159,22,ESC. MUN. DE 1 GRAU HEITOR VILLA LOBOS - CIEM,"RUA SANTO DIAS DA SILVA, S/N - VILA MAPA - PARADA 4",3
159,23,ESC. MUN. DE 1 GRAU AFONSO GUERREIRO LIMA,"RUA GUAIBA, 203 - PARADA 11",3
159,25,PUCRS - PONTIFÍCIA UNIVERSIDADE CATÓLICA - PRÉDIO 50,"AV. IPIRANGA, 6681 - PRÉDIO 50",3
159,29,COLEGIO SAO JOSE DO MURIALDO,"RUA VIDAL DE NEGREIROS, 423",3
159,30,ESC. MUN. DE 1 GRAU AFONSO GUERREIRO LIMA,"RUA GUAIBA, 203 - PARADA 11",3
159,33,PUCRS - PONTIFÍCIA UNIVERSIDADE CATÓLICA - PRÉDIO 50,"AV. IPIRANGA, 6681 - PRÉDIO 50",3
159,60,COLEGIO MARISTA CHAMPAGNAT,"AV. BENTO GONCALVES, 4314",3
159,69,PUCRS - PONTIFÍCIA UNIVERSIDADE CATÓLICA - PRÉDIO 50,"AV. IPIRANGA, 6681 - PRÉDIO 50",3
159,88,PUCRS - PONTIFÍCIA UNIVERSIDADE CATÓLICA - PRÉDIO 50,"AV. IPIRANGA, 6681 - PRÉDIO 50",3
159,106,COLEGIO MARISTA CHAMPAGNAT - SECAO ESPECIAL,"AV. BENTO GONCALVES, 4314",3
159,109,ESC. MUN. DE 1 GRAU AFONSO GUERREIRO LIMA,"RUA GUAIBA, 203 - PARADA 11",3
159,111,ESC. EST. DE ENSINO FUNDAMENTAL ONOFRE PIRES,"BECO DO DAVID, 269 - PARADA 1A",3
159,118,PUCRS - PONTIFÍCIA UNIVERSIDADE CATÓLICA - PRÉDIO 50,"AV. IPIRANGA, 6681 - PRÉDIO 50",3
159,121,PUCRS - PONTIFÍCIA UNIVERSIDADE CATÓLICA - PRÉDIO 50,"AV. IPIRANGA, 6681 - PRÉDIO 50",3
159,126,ESC. EST. DE ENSINO FUNDAMENTAL MADRE MARIA SELIMA,"RUA TENENTE ARY TARRAGO PARTENON, 130",3
159,127,ESC. MUN. ENSINO FUND. PROFA. JUDITH MACEDO DE ARAUJO,"RUA SAUL CONSTANTINO, 100 - MORRO DA CRUZ",3
159,137,ESC. EST. DE 1 GRAU ARAUJO VIANA,"RUA NOVE DE JUNHO, 542",3
159,139,PUCRS - PONTIFÍCIA UNIVERSIDADE CATÓLICA - PRÉDIO 50,"AV. IPIRANGA, 6681 - PRÉDIO 50",3
159,143,ESC. EST. DE ENSINO FUNDAMENTAL MARIA CRISTINA CHIKA,"ESTR. JOAO DE OLIVEIRA REMIAO, 6505 - PARADA 16",3
159,150,PUCRS - PONTIFÍCIA UNIVERSIDADE CATÓLICA - PRÉDIO 50,"AV. IPIRANGA, 6681 - PRÉDIO 50",3
159,153,ESC. EST. DE ENSINO FUNDAMENTAL MADRE MARIA SELIMA,"RUA TENENTE ARY TARRAGO PARTENON, 130",3
159,161,ESC. EST. DR. OSCAR TOLLENS,"RUA VIDAL DE NEGREIROS, 432",3
159,175,COLEGIO SAO JOSE DO MURIALDO,"RUA VIDAL DE NEGREIROS, 423",3
159,189,ESC. EST. DE ENSINO FUNDAMENTAL MADRE MARIA SELIMA,"RUA TENENTE ARY TARRAGO PARTENON, 130",3
159,196,ESC. EST. DE ENSINO FUNDAMENTAL MARIA CRISTINA CHIKA,"ESTR. JOAO DE OLIVEIRA REMIAO, 6505 - PARADA 16",3
159,219,COLEGIO SAO JOSE DO MURIALDO,"RUA VIDAL DE NEGREIROS, 423",3
159,239,PUC - PRÉDIO 11 - SEÇÕES EEEF DR. MARTINS COSTA JUNIOR,"AV.IPIRANGA, 6681",3
159,245,PUCRS - PONTIFÍCIA UNIVERSIDADE CATÓLICA - PRÉDIO 50,"AV. IPIRANGA, 6681 - PRÉDIO 50",3
159,267,ESC. EST. DE ENSINO FUNDAMENTAL ONOFRE PIRES,"BECO DO DAVID, 269 - PARADA 1A",3
159,309,ESCOLA DE 1 GRAU NOSSA SENHORA DO BRASIL,"RUA ALARICO VALENCA, 161",3
159,360,ESCOLA DE 1 GRAU NOSSA SENHORA DO BRASIL,"RUA ALARICO VALENCA, 161",3
159,364,COLEGIO MARISTA CHAMPAGNAT,"AV. BENTO GONCALVES, 4314",3
159,370,ESCOLA DE 1 GRAU NOSSA SENHORA DO BRASIL,"RUA ALARICO VALENCA, 161",3
159,389,ESC. MUN. DE 1 GRAU INC. SAINT HILAIRE,"RUA GERVAZIO BRAGA PINHEIRO, 427 - VILA PANORAMA - PARADA 18",3
159,390,ESC. MUN. DE 1 GRAU INC. SAINT HILAIRE,"RUA GERVAZIO BRAGA PINHEIRO, 427 - VILA PANORAMA - PARADA 18",3
159,391,ESC. EST. DE 1 GRAU INC. JERONIMO DE ALBUQUERQUE,"RUA JUAREZ TAVORA, 550",3
159,474,ESC. MUN. DE 1 GRAU SAO PEDRO,"BECO DA TAQUARA, S/N - VILA SAO PEDRO - PARADA 13",3
159,484,ESCOLA ESTADUAL RAFAELA REMIAO,"ESTRADA JOÃO DE OLIVEIRA REMIÃO, 2689 - PAR. 06",3
159,489,ESCOLA ESTADUAL RAFAELA REMIAO,"ESTRADA JOÃO DE OLIVEIRA REMIÃO, 2689 - PAR. 06",3
159,496,ESCOLA ESTADUAL RAFAELA REMIAO,"ESTRADA JOÃO DE OLIVEIRA REMIÃO, 2689 - PAR. 06",3
159,507,PAULO DA GAMA - ESCOLA ESTADUAL,"RUA SILVADO, 555",3
159,512,ESCOLA ESTADUAL RAFAELA REMIAO,"ESTRADA JOÃO DE OLIVEIRA REMIÃO, 2689 - PAR. 06",3
159,525,ESCOLA ESTADUAL RAFAELA REMIAO,"ESTRADA JOÃO DE OLIVEIRA REMIÃO, 2689 - PAR. 06",3
159,528,EMEF DEPUTADO MARCÍRIO GOULART LOUREIRO,RUA SAIBREIRA S/N,3
159,529,ESCOLA ESTADUAL RAFAELA REMIAO,"ESTRADA JOÃO DE OLIVEIRA REMIÃO, 2689 - PAR. 06",3
159,537,EMEF DEPUTADO MARCÍRIO GOULART LOUREIRO,RUA SAIBREIRA S/N,3
159,7,ESC. MUN. DE 1 GRAU SAO PEDRO,"BECO DA TAQUARA, S/N - VILA SAO PEDRO - PARADA 13",2
159,17,ESCOLA DE 1 GRAU NOSSA SENHORA DO BRASIL,"RUA ALARICO VALENCA, 161",2
159,27,COLEGIO MARISTA CHAMPAGNAT,"AV. BENTO GONCALVES, 4314",2
159,31,PUCRS - PONTIFÍCIA UNIVERSIDADE CATÓLICA - PRÉDIO 50,"AV. IPIRANGA, 6681 - PRÉDIO 50",2
159,44,COLEGIO MARISTA CHAMPAGNAT,"AV. BENTO GONCALVES, 4314",2
159,46,PUCRS - PONTIFÍCIA UNIVERSIDADE CATÓLICA - PRÉDIO 50,"AV. IPIRANGA, 6681 - PRÉDIO 50",2
159,48,ESC. EST. DR. OSCAR TOLLENS,"RUA VIDAL DE NEGREIROS, 432",2
159,66,ESC. EST. DR. OSCAR TOLLENS,"RUA VIDAL DE NEGREIROS, 432",2
159,70,COLEGIO SAO JOSE DO MURIALDO,"RUA VIDAL DE NEGREIROS, 423",2
159,80,ESC. EST. DR. OSCAR TOLLENS,"RUA VIDAL DE NEGREIROS, 432",2
159,83,COLEGIO MARISTA CHAMPAGNAT,"AV. BENTO GONCALVES, 4314",2
159,93,ESC. EST. DR. OSCAR TOLLENS,"RUA VIDAL DE NEGREIROS, 432",2
159,123,ESCOLA DE 1 GRAU NOSSA SENHORA DO BRASIL,"RUA ALARICO VALENCA, 161",2
159,131,PUC - PRÉDIO 11 - SEÇÕES EEEF DR. MARTINS COSTA JUNIOR,"AV.IPIRANGA, 6681",2
159,151,PUCRS - PONTIFÍCIA UNIVERSIDADE CATÓLICA - PRÉDIO 50,"AV. IPIRANGA, 6681 - PRÉDIO 50",2
159,152,ESC. MUN. DE 1 GRAU INC. SAINT HILAIRE,"RUA GERVAZIO BRAGA PINHEIRO, 427 - VILA PANORAMA - PARADA 18",2
159,178,ESC. EST. DE 1 GRAU INC. JERONIMO DE ALBUQUERQUE,"RUA JUAREZ TAVORA, 550",2
159,184,PUCRS - PONTIFÍCIA UNIVERSIDADE CATÓLICA - PRÉDIO 50,"AV. IPIRANGA, 6681 - PRÉDIO 50",2
159,198,ESC. MUN. DE 1 GRAU SAO PEDRO,"BECO DA TAQUARA, S/N - VILA SAO PEDRO - PARADA 13",2
159,199,COLEGIO MARISTA CHAMPAGNAT,"AV. BENTO GONCALVES, 4314",2
159,200,ESC. MUN. DE 1 GRAU INC. SAINT HILAIRE,"RUA GERVAZIO BRAGA PINHEIRO, 427 - VILA PANORAMA - PARADA 18",2
159,242,COLEGIO MARISTA CHAMPAGNAT,"AV. BENTO GONCALVES, 4314",2
159,321,PUC - PRÉDIO 11 - SEÇÕES EEEF DR. MARTINS COSTA JUNIOR,"AV.IPIRANGA, 6681",2
159,327,COLEGIO SAO JOSE DO MURIALDO,"RUA VIDAL DE NEGREIROS, 423",2
159,333,ESC. EST. DE 1 GRAU INC. JERONIMO DE ALBUQUERQUE,"RUA JUAREZ TAVORA, 550",2
159,354,ESC. MUN. DE 1 GRAU AFONSO GUERREIRO LIMA,"RUA GUAIBA, 203 - PARADA 11",2
159,359,ESC. EST. DE 1 GRAU INC. JERONIMO DE ALBUQUERQUE,"RUA JUAREZ TAVORA, 550",2
159,363,COLEGIO MARISTA CHAMPAGNAT,"AV. BENTO GONCALVES, 4314",2
159,372,ESC. MUN. DE 1 GRAU HEITOR VILLA LOBOS - CIEM,"RUA SANTO DIAS DA SILVA, S/N - VILA MAPA - PARADA 4",2
159,385,ESC. MUN. DE 1 GRAU SAO PEDRO,"BECO DA TAQUARA, S/N - VILA SAO PEDRO - PARADA 13",2
159,386,ESC. MUN. DE 1 GRAU SAO PEDRO,"BECO DA TAQUARA, S/N - VILA SAO PEDRO - PARADA 13",2
159,388,ESC. MUN. DE 1 GRAU INC. SAINT HILAIRE,"RUA GERVAZIO BRAGA PINHEIRO, 427 - VILA PANORAMA - PARADA 18",2
159,402,ESC. MUN. DE 1 GRAU AFONSO GUERREIRO LIMA,"RUA GUAIBA, 203 - PARADA 11",2
159,411,ESC. MUN. DE 1 GRAU SAO PEDRO,"BECO DA TAQUARA, S/N - VILA SAO PEDRO - PARADA 13",2
159,415,COLEGIO SAO JOSE DO MURIALDO,"RUA VIDAL DE NEGREIROS, 423",2
159,459,PUCRS - PONTIFÍCIA UNIVERSIDADE CATÓLICA - PRÉDIO 50,"AV. IPIRANGA, 6681 - PRÉDIO 50",2
159,461,ESCOLA ESTADUAL RAFAELA REMIAO,"ESTRADA JOÃO DE OLIVEIRA REMIÃO, 2689 - PAR. 06",2
159,463,ESC. EST. DR. OSCAR TOLLENS,"RUA VIDAL DE NEGREIROS, 432",2
159,467,PAULO DA GAMA - ESCOLA ESTADUAL,"RUA SILVADO, 555",2
159,469,ESCOLA ESTADUAL RAFAELA REMIAO,"ESTRADA JOÃO DE OLIVEIRA REMIÃO, 2689 - PAR. 06",2
159,471,ESC. MUN. DE 1 GRAU SAO PEDRO,"BECO DA TAQUARA, S/N - VILA SAO PEDRO - PARADA 13",2
159,472,ESC. EST. DE 1 GRAU ARAUJO VIANA,"RUA NOVE DE JUNHO, 542",2
159,477,FACULDADE DE DIREITO-PUCRS (PRÉDIO 11),"AV. IPIRANGA, 6681 - PRÉDIO 11",2
159,478,ESC. MUN. ENSINO FUND. PROFA. JUDITH MACEDO DE ARAUJO,"RUA SAUL CONSTANTINO, 100 - MORRO DA CRUZ",2
159,488,ESC. MUN. ENSINO FUND. PROFA. JUDITH MACEDO DE ARAUJO,"RUA SAUL CONSTANTINO, 100 - MORRO DA CRUZ",2
159,492,ESC. MUN. DE 1 GRAU AFONSO GUERREIRO LIMA,"RUA GUAIBA, 203 - PARADA 11",2
159,497,PAULO DA GAMA - ESCOLA ESTADUAL,"RUA SILVADO, 555",2
159,502,FACULDADE DE DIREITO-PUCRS (PRÉDIO 11),"AV. IPIRANGA, 6681 - PRÉDIO 11",2
159,503,ESC. MUN. ENSINO FUND. PROFA. JUDITH MACEDO DE ARAUJO,"RUA SAUL CONSTANTINO, 100 - MORRO DA CRUZ",2
159,504,EMEF DEPUTADO MARCÍRIO GOULART LOUREIRO,RUA SAIBREIRA S/N,2
159,514,PAULO DA GAMA - ESCOLA ESTADUAL,"RUA SILVADO, 555",2
159,515,EMEF DEPUTADO MARCÍRIO GOULART LOUREIRO,RUA SAIBREIRA S/N,2
159,524,PAULO DA GAMA - ESCOLA ESTADUAL,"RUA SILVADO, 555",2
159,531,PAULO DA GAMA - ESCOLA ESTADUAL,"RUA SILVADO, 555",2
159,18,COLEGIO SAO JOSE DO MURIALDO,"RUA VIDAL DE NEGREIROS, 423",1
159,50,COLEGIO SAO JOSE DO MURIALDO,"RUA VIDAL DE NEGREIROS, 423",1
159,87,PUCRS - PONTIFÍCIA UNIVERSIDADE CATÓLICA - PRÉDIO 50,"AV. IPIRANGA, 6681 - PRÉDIO 50",1
159,115,ESC. EST. DE ENSINO FUNDAMENTAL MARIA CRISTINA CHIKA,"ESTR. JOAO DE OLIVEIRA REMIAO, 6505 - PARADA 16",1
159,128,PUCRS - PONTIFÍCIA UNIVERSIDADE CATÓLICA - PRÉDIO 50,"AV. IPIRANGA, 6681 - PRÉDIO 50",1
159,166,PUCRS - PONTIFÍCIA UNIVERSIDADE CATÓLICA - PRÉDIO 50,"AV. IPIRANGA, 6681 - PRÉDIO 50",1
159,170,PUCRS - PONTIFÍCIA UNIVERSIDADE CATÓLICA - PRÉDIO 50,"AV. IPIRANGA, 6681 - PRÉDIO 50",1
159,183,ESC. MUN. DE 1 GRAU AFONSO GUERREIRO LIMA,"RUA GUAIBA, 203 - PARADA 11",1
159,186,ESC. EST. DR. OSCAR TOLLENS,"RUA VIDAL DE NEGREIROS, 432",1
159,206,ESC. EST. DE ENSINO FUNDAMENTAL MADRE MARIA SELIMA,"RUA TENENTE ARY TARRAGO PARTENON, 130",1
159,222,PUCRS - PONTIFÍCIA UNIVERSIDADE CATÓLICA - PRÉDIO 50,"AV. IPIRANGA, 6681 - PRÉDIO 50",1
159,254,ESC. EST. DE 1 GRAU ARAUJO VIANA,"RUA NOVE DE JUNHO, 542",1
159,287,PUCRS - PONTIFÍCIA UNIVERSIDADE CATÓLICA - PRÉDIO 50,"AV. IPIRANGA, 6681 - PRÉDIO 50",1
159,315,ESC. EST. DE 1 GRAU ARAUJO VIANA,"RUA NOVE DE JUNHO, 542",1
159,353,PUC - PRÉDIO 11 - SEÇÕES EEEF DR. MARTINS COSTA JUNIOR,"AV.IPIRANGA, 6681",1
159,384,ESC. MUN. DE 1 GRAU SAO PEDRO,"BECO DA TAQUARA, S/N - VILA SAO PEDRO - PARADA 13",1
159,405,ESC. EST. DE 1 GRAU ARAUJO VIANA,"RUA NOVE DE JUNHO, 542",1
159,412,PUC - PRÉDIO 11 - SEÇÕES EEEF DR. MARTINS COSTA JUNIOR,"AV.IPIRANGA, 6681",1
159,468,FACULDADE DE DIREITO-PUCRS (PRÉDIO 11),"AV. IPIRANGA, 6681 - PRÉDIO 11",1
159,475,ESC. MUN. DE 1 GRAU INC. SAINT HILAIRE,"RUA GERVAZIO BRAGA PINHEIRO, 427 - VILA PANORAMA - PARADA 18",1
159,479,FACULDADE DE DIREITO-PUCRS (PRÉDIO 11),"AV. IPIRANGA, 6681 - PRÉDIO 11",1
159,486,FACULDADE DE DIREITO-PUCRS (PRÉDIO 11),"AV. IPIRANGA, 6681 - PRÉDIO 11",1
159,505,ESCOLA ESTADUAL RAFAELA REMIAO,"ESTRADA JOÃO DE OLIVEIRA REMIÃO, 2689 - PAR. 06",1
159,511,ESC. MUN. ENSINO FUND. PROFA. JUDITH MACEDO DE ARAUJO,"RUA SAUL CONSTANTINO, 100 - MORRO DA CRUZ",1
159,513,ESC. MUN. DE 1 GRAU INC. SAINT HILAIRE,"RUA GERVAZIO BRAGA PINHEIRO, 427 - VILA PANORAMA - PARADA 18",1
159,526,ESC. MUN. ENSINO FUND. PROFA. JUDITH MACEDO DE ARAUJO,"RUA SAUL CONSTANTINO, 100 - MORRO DA CRUZ",1
159,535,ESC. MUN. ENSINO FUND. PROFA. JUDITH MACEDO DE ARAUJO,"RUA SAUL CONSTANTINO, 100 - MORRO DA CRUZ",1
160,417,ESCOLA ESTADUAL ROQUE GONZALES,"AV. CAVALHADA, 2433",8
160,47,TRISTEZENSE PISCINA CLUBE,"RUA DR. ARMANDO BARBEDO, 300",7
160,172,COLÉGIO ESTADUAL CONEGO PAULO DE NADAL,"RUA FAMÍLIA GONÇALVES CARNEIRO, 105",7
160,486,SOCIEDADE EDUCACIONAL LEONARDO DA VINCI - BETA,"AV. ICARAI, 1879",7
160,506,E. E. 1.G. JARDIM VILA NOVA,"RUA FERNANDO PESSOA, 380",7
160,26,INSTITUTO SANTA LUZIA,"AV. CAVALHADA, 3999",6
160,459,IGREJA SAO MATEUS - GINASIO DE ESPORTES,"RUA SARGENTO NICOLAU DIAS DE FARIAS, 568",6
160,148,ASSOCIACAO DE ENSINO SANTA TERESA DE JESUS,"AV. CAVALHADA, 2250",5
160,550,E. E. DE 1. E 2. GRAUS ODILA GAY DA FONSECA,"AV. OSVALDO GONCALVES CRUZ, 444",5
160,16,ESCOLA ESTADUAL TRES DE OUTUBRO,"PRACA COMENDADOR SOUZA GOMES, 2560",4
160,146,E. M. VILA MONTECRISTO,"BECO CARLOS SUPERTI, 84",4
160,150,INSTITUTO SANTA LUZIA,"AV. CAVALHADA, 3999",4
160,200,ESCOLA ADVENTISTA DE PORTO ALEGRE,"AV. OTTO NIEMEYER, 2124",4
160,209,COLÉGIO MAE DE DEUS,"RUA DR. PEREIRA NETO, 475",4
160,215,E. M. VILA MONTECRISTO,"BECO CARLOS SUPERTI, 84",4
160,235,ESCOLA ESTADUAL OTAVIO MANGABEIRA,"RUA SILVIO SILVEIRA SOARES, 2551",4
160,243,ESCOLA ESTADUAL VIOLETA MAGALHAES,"ESTRADA VILA MARIA, 415",4
160,410,ASSOCIACAO DE ENSINO SANTA TERESA DE JESUS,"AV. CAVALHADA, 2250",4
160,416,ESCOLA ESTADUAL LANDEL DE MOURA,"RUA JOSE GOMES, 400",4
160,454,ESCOLA ESTADUAL VIOLETA MAGALHAES,"ESTRADA VILA MARIA, 415",4
160,476,INSTITUTO SANTA LUZIA,"AV. CAVALHADA, 3999",4
160,481,SOCIEDADE EDUCACIONAL LEONARDO DA VINCI - BETA,"AV. ICARAI, 1879",4
160,505,E. E. 1.G. JARDIM VILA NOVA,"RUA FERNANDO PESSOA, 380",4
160,516,E. E. PAULINA MORESCO,"RUA TOMÉ ANTONIO DE SOUZA,160",4
160,548,E. E. DE 1. E 2. GRAUS ODILA GAY DA FONSECA,"AV. OSVALDO GONCALVES CRUZ, 444",4
160,7,COLÉGIO MARISTA IPANEMA,AV. CEL MARCOS 1959,3
160,31,ESCOLA ESTADUAL VISCONDE DO RIO GRANDE,"PRACA ARATIBA, 19",3
160,39,ESCOLA ESTADUAL PEDRO SIRANGELO,"RUA JOSE CORREA DA SILVA, 380",3
160,61,CLUBE DOS JANGADEIROS,"RUA ERNESTO DE PAIVA, 139",3
160,68,ESCOLA ESTADUAL VIOLETA MAGALHAES,"ESTRADA VILA MARIA, 415",3
160,75,COLÉGIO MAE DE DEUS,"RUA DR. PEREIRA NETO, 475",3
160,105,ESCOLA ADVENTISTA DE PORTO ALEGRE,"AV. OTTO NIEMEYER, 2124",3
160,115,ESC. EST. SANTOS DUMONT,"RUA CAETE, 328",3
160,140,ESCOLA ESTADUAL PEDRO SIRANGELO,"RUA JOSE CORREA DA SILVA, 380",3
160,141,ESCOLA ESTADUAL RAFAEL PINTO BANDEIRA,"RUA CEL. CLAUDINO, 254",3
160,170,E. M. VILA MONTECRISTO,"BECO CARLOS SUPERTI, 84",3
160,196,ASSOCIACAO DE ENSINO SANTA TERESA DE JESUS,"AV. CAVALHADA, 2250",3
160,221,ESC. EST. SANTOS DUMONT,"RUA CAETE, 328",3
160,231,ESCOLA ESTADUAL TRES DE OUTUBRO,"PRACA COMENDADOR SOUZA GOMES, 2560",3
160,247,COLÉGIO ESTADUAL CONEGO PAULO DE NADAL,"RUA FAMÍLIA GONÇALVES CARNEIRO, 105",3
160,289,ESCOLA ESTADUAL ROQUE GONZALES,"AV. CAVALHADA, 2433",3
160,298,ESCOLA ESTADUAL TRES DE OUTUBRO,"PRACA COMENDADOR SOUZA GOMES, 2560",3
160,319,ESCOLA ESTADUAL ROQUE GONZALES,"AV. CAVALHADA, 2433",3
160,332,ESCOLA ESTADUAL OTAVIO MANGABEIRA,"RUA SILVIO SILVEIRA SOARES, 2551",3
160,340,INSTITUTO SANTA LUZIA,"AV. CAVALHADA, 3999",3
160,359,ESCOLA ESTADUAL ROQUE GONZALES,"AV. CAVALHADA, 2433",3
160,382,ESC. MUN. DE ENS. FUND. ARAMY SILVA,"RUA CHICO PEDRO, 390  F. 2413382",3
160,383,ESCOLA ESTADUAL OSORIO DUQUE ESTRADA,"RUA CIDADE DE NATAL, 125",3
160,384,COLÉGIO MAE DE DEUS,"RUA DR. PEREIRA NETO, 475",3
160,399,COLÉGIO ESTADUAL CONEGO PAULO DE NADAL,"RUA FAMÍLIA GONÇALVES CARNEIRO, 105",3
160,404,ESCOLA ESTADUAL PADRE REUS,"AV. OTTO NIEMEYER, 650",3
160,405,ESC. EST. SANTOS DUMONT,"RUA CAETE, 328",3
160,408,ESCOLA ESTADUAL TRES DE OUTUBRO,"PRACA COMENDADOR SOUZA GOMES, 2560",3
160,428,ESC. MUN. DE ENS. FUND. ARAMY SILVA,"RUA CHICO PEDRO, 390  F. 2413382",3
160,438,COLÉGIO ESTADUAL CONEGO PAULO DE NADAL,"RUA FAMÍLIA GONÇALVES CARNEIRO, 105",3
160,442,ESC. MUN. DE ENS. FUND. ARAMY SILVA,"RUA CHICO PEDRO, 390  F. 2413382",3
160,452,ESCOLA ESTADUAL VIOLETA MAGALHAES,"ESTRADA VILA MARIA, 415",3
160,453,ESCOLA ESTADUAL VISCONDE DO RIO GRANDE,"PRACA ARATIBA, 19",3
160,474,ESCOLA ADVENTISTA DE PORTO ALEGRE,"AV. OTTO NIEMEYER, 2124",3
160,480,SOCIEDADE EDUCACIONAL LEONARDO DA VINCI - BETA,"AV. ICARAI, 1879",3
160,491,SOCIEDADE EDUCACIONAL LEONARDO DA VINCI - BETA,"AV. ICARAI, 1879",3
160,517,E. E. PAULINA MORESCO,"RUA TOMÉ ANTONIO DE SOUZA,160",3
160,519,E. M. 1.G. LEOCÁDIA FELIZARDO PRESTES,"RUA ROMEU VASCONCELOS ROSA, 10",3
160,529,E. E. 1.G. PARAÍBA,"R ADÃO PINHEIRO DA SILVA, 490",3
160,555,E. M. VILA MONTECRISTO,"BECO CARLOS SUPERTI, 84",3
160,557,E. M. VILA MONTECRISTO,"BECO CARLOS SUPERTI, 84",3
160,559,E. M. VILA MONTECRISTO,"BECO CARLOS SUPERTI, 84",3
160,4,ESCOLA ADVENTISTA DE PORTO ALEGRE,"AV. OTTO NIEMEYER, 2124",2
160,5,ASSOCIACAO DE ENSINO SANTA TERESA DE JESUS,"AV. CAVALHADA, 2250",2
160,6,COLÉGIO ESTADUAL CONEGO PAULO DE NADAL,"RUA FAMÍLIA GONÇALVES CARNEIRO, 105",2
160,9,ESCOLA ESTADUAL LANDEL DE MOURA,"RUA JOSE GOMES, 400",2
160,80,ESCOLA ESTADUAL ALCEU WAMOSY,"RUA JARDIM DAS BROMÉLIAS, 52",2
160,101,ESCOLA ESTADUAL PADRE REUS,"AV. OTTO NIEMEYER, 650",2
160,103,ASSOCIACAO DE ENSINO SANTA TERESA DE JESUS,"AV. CAVALHADA, 2250",2
160,109,ESCOLA ESTADUAL LANDEL DE MOURA,"RUA JOSE GOMES, 400",2
160,117,ESCOLA ESTADUAL OSORIO DUQUE ESTRADA,"RUA CIDADE DE NATAL, 125",2
160,168,ESCOLA ESTADUAL PADRE REUS,"AV. OTTO NIEMEYER, 650",2
160,173,ESCOLA ESTADUAL LANDEL DE MOURA,"RUA JOSE GOMES, 400",2
160,233,ESCOLA ESTADUAL ROQUE GONZALES,"AV. CAVALHADA, 2433",2
160,239,ESCOLA ESTADUAL PADRE REUS,"AV. OTTO NIEMEYER, 650",2
160,251,ESCOLA ESTADUAL ALCEU WAMOSY,"RUA JARDIM DAS BROMÉLIAS, 52",2
160,258,INSTITUTO EDUCACIONAL JOAO PAULO I,"TRAVESSA PEDRA REDONDA, 400",2
160,262,CLUBE DOS JANGADEIROS,"RUA ERNESTO DE PAIVA, 139",2
160,270,COLÉGIO MAE DE DEUS,"RUA DR. PEREIRA NETO, 475",2
160,274,ESC. EST. SANTOS DUMONT,"RUA CAETE, 328",2
160,308,ESCOLA ESTADUAL TRES DE OUTUBRO,"PRACA COMENDADOR SOUZA GOMES, 2560",2
160,309,ASSOCIACAO DO PESSOAL DA CAIXA ECONÔMICA FEDERAL,"AV. CEL. MARCOS, 627",2
160,311,COLÉGIO ESTADUAL CONEGO PAULO DE NADAL,"RUA FAMÍLIA GONÇALVES CARNEIRO, 105",2
160,318,ESC. EST. SANTOS DUMONT,"RUA CAETE, 328",2
160,327,ESCOLA ESTADUAL LANDEL DE MOURA,"RUA JOSE GOMES, 400",2
160,366,ESCOLA ESTADUAL RAFAEL PINTO BANDEIRA,"RUA CEL. CLAUDINO, 254",2
160,368,ESCOLA ESTADUAL TRES DE OUTUBRO,"PRACA COMENDADOR SOUZA GOMES, 2560",2
160,371,ESC. EST. SANTOS DUMONT,"RUA CAETE, 328",2
160,378,ESCOLA ESTADUAL OTAVIO MANGABEIRA,"RUA SILVIO SILVEIRA SOARES, 2551",2
160,389,ESCOLA ESTADUAL LANDEL DE MOURA,"RUA JOSE GOMES, 400",2
160,396,ESCOLA ESTADUAL VISCONDE DO RIO GRANDE,"PRACA ARATIBA, 19",2
160,398,ESCOLA ESTADUAL ALCEU WAMOSY,"RUA JARDIM DAS BROMÉLIAS, 52",2
160,402,ESCOLA ADVENTISTA DE PORTO ALEGRE,"AV. OTTO NIEMEYER, 2124",2
160,403,E. M. VILA MONTECRISTO,"BECO CARLOS SUPERTI, 84",2
160,412,ESCOLA ESTADUAL OTAVIO MANGABEIRA,"RUA SILVIO SILVEIRA SOARES, 2551",2
160,413,CLUBE DOS JANGADEIROS,"RUA ERNESTO DE PAIVA, 139",2
160,419,ASSOCIACAO DO PESSOAL DA CAIXA ECONÔMICA FEDERAL,"AV. CEL. MARCOS, 627",2
160,421,COLÉGIO ESTADUAL CONEGO PAULO DE NADAL,"RUA FAMÍLIA GONÇALVES CARNEIRO, 105",2
160,424,ESCOLA ESTADUAL RAFAEL PINTO BANDEIRA,"RUA CEL. CLAUDINO, 254",2
160,425,ESCOLA ESTADUAL OTAVIO MANGABEIRA,"RUA SILVIO SILVEIRA SOARES, 2551",2
160,427,ESCOLA ESTADUAL OSORIO DUQUE ESTRADA,"RUA CIDADE DE NATAL, 125",2
160,448,ESCOLA ESTADUAL OTAVIO MANGABEIRA,"RUA SILVIO SILVEIRA SOARES, 2551",2
160,455,ASSOCIACAO DE ENSINO SANTA TERESA DE JESUS,"AV. CAVALHADA, 2250",2
160,461,ESCOLA ADVENTISTA DE PORTO ALEGRE,"AV. OTTO NIEMEYER, 2124",2
160,462,ASSOCIACAO DE ENSINO SANTA TERESA DE JESUS,"AV. CAVALHADA, 2250",2
160,464,COLÉGIO MAE DE DEUS,"RUA DR. PEREIRA NETO, 475",2
160,466,ESCOLA ESTADUAL RAFAEL PINTO BANDEIRA,"RUA CEL. CLAUDINO, 254",2
160,469,INSTITUTO SANTA LUZIA,"AV. CAVALHADA, 3999",2
160,470,ESCOLA ADVENTISTA DE PORTO ALEGRE,"AV. OTTO NIEMEYER, 2124",2
160,473,IGREJA SAO MATEUS - GINASIO DE ESPORTES,"RUA SARGENTO NICOLAU DIAS DE FARIAS, 568",2
160,475,E. M. VILA MONTECRISTO,"BECO CARLOS SUPERTI, 84",2
160,477,ESCOLA ESTADUAL OSORIO DUQUE ESTRADA,"RUA CIDADE DE NATAL, 125",2
160,482,SOCIEDADE EDUCACIONAL LEONARDO DA VINCI - BETA,"AV. ICARAI, 1879",2
160,483,SOCIEDADE EDUCACIONAL LEONARDO DA VINCI - BETA,"AV. ICARAI, 1879",2
160,485,SOCIEDADE EDUCACIONAL LEONARDO DA VINCI - BETA,"AV. ICARAI, 1879",2
160,487,SOCIEDADE EDUCACIONAL LEONARDO DA VINCI - BETA,"AV. ICARAI, 1879",2
160,489,SOCIEDADE EDUCACIONAL LEONARDO DA VINCI - BETA,"AV. ICARAI, 1879",2
160,493,E. E. 1.G. MONTE LÍBANO,"RUA LEMÚRIA, 10",2
160,495,E. E. 1.G. MONTE LÍBANO,"RUA LEMÚRIA, 10",2
160,500,E. E. 1.G. JARDIM VILA NOVA,"RUA FERNANDO PESSOA, 380",2
160,507,E. E. 1.G. JARDIM VILA NOVA,"RUA FERNANDO PESSOA, 380",2
160,508,E. E. 1.G. JARDIM VILA NOVA,"RUA FERNANDO PESSOA, 380",2
160,514,E. E. PAULINA MORESCO,"RUA TOMÉ ANTONIO DE SOUZA,160",2
160,520,E. M. 1.G. LEOCÁDIA FELIZARDO PRESTES,"RUA ROMEU VASCONCELOS ROSA, 10",2
160,531,E. E. 1.G. PARAÍBA,"R ADÃO PINHEIRO DA SILVA, 490",2
160,533,E. E. 1.G. PARAÍBA,"R ADÃO PINHEIRO DA SILVA, 490",2
160,535,E. E. 1.G. PARAÍBA,"R ADÃO PINHEIRO DA SILVA, 490",2
160,536,E. E. 1.G. PARAÍBA,"R ADÃO PINHEIRO DA SILVA, 490",2
160,537,E. E. 1.G. PARAÍBA,"R ADÃO PINHEIRO DA SILVA, 490",2
160,539,E. E. 1.G. PARAÍBA,"R ADÃO PINHEIRO DA SILVA, 490",2
160,546,E. E. DE 1. E 2. GRAUS ODILA GAY DA FONSECA,"AV. OSVALDO GONCALVES CRUZ, 444",2
160,547,E. E. DE 1. E 2. GRAUS ODILA GAY DA FONSECA,"AV. OSVALDO GONCALVES CRUZ, 444",2
160,558,E. M. VILA MONTECRISTO,"BECO CARLOS SUPERTI, 84",2
160,560,E. M. VILA MONTECRISTO,"BECO CARLOS SUPERTI, 84",2
160,565,INSTITUTO SANTA LUZIA,"AV. CAVALHADA, 3999",2
160,567,ESCOLA ESTADUAL PADRE REUS,"AV. OTTO NIEMEYER, 650",2
160,571,ESCOLA ESTADUAL TRES DE OUTUBRO,"PRACA COMENDADOR SOUZA GOMES, 2560",2
160,1,ASSOCIACAO DE ENSINO SANTA TERESA DE JESUS,"AV. CAVALHADA, 2250",1
160,20,COLÉGIO ESTADUAL CONEGO PAULO DE NADAL,"RUA FAMÍLIA GONÇALVES CARNEIRO, 105",1
160,21,CENTRO COMUNITARIO PARQUE MADEPINHO,"RUA ARROIO GRANDE, 50",1
160,25,ESCOLA ESTADUAL PADRE REUS,"AV. OTTO NIEMEYER, 650",1
160,45,ESCOLA ESTADUAL RAFAEL PINTO BANDEIRA,"RUA CEL. CLAUDINO, 254",1
160,49,ESCOLA ESTADUAL OSORIO DUQUE ESTRADA,"RUA CIDADE DE NATAL, 125",1
160,57,ESCOLA ESTADUAL ALCEU WAMOSY,"RUA JARDIM DAS BROMÉLIAS, 52",1
160,72,INSTITUTO EDUCACIONAL JOAO PAULO I,"TRAVESSA PEDRA REDONDA, 400",1
160,82,ASSOCIACAO DO PESSOAL DA CAIXA ECONÔMICA FEDERAL,"AV. CEL. MARCOS, 627",1
160,156,COLÉGIO MAE DE DEUS,"RUA DR. PEREIRA NETO, 475",1
160,157,ESCOLA ADVENTISTA DE PORTO ALEGRE,"AV. OTTO NIEMEYER, 2124",1
160,175,ESCOLA ESTADUAL TRES DE OUTUBRO,"PRACA COMENDADOR SOUZA GOMES, 2560",1
160,182,ESCOLA ESTADUAL OSORIO DUQUE ESTRADA,"RUA CIDADE DE NATAL, 125",1
160,184,CENTRO COMUNITARIO PARQUE MADEPINHO,"RUA ARROIO GRANDE, 50",1
160,219,ESCOLA ESTADUAL RAFAEL PINTO BANDEIRA,"RUA CEL. CLAUDINO, 254",1
160,230,INSTITUTO SANTA LUZIA,"AV. CAVALHADA, 3999",1
160,241,ESCOLA ESTADUAL ALCEU WAMOSY,"RUA JARDIM DAS BROMÉLIAS, 52",1
160,253,ESCOLA ESTADUAL RAFAEL PINTO BANDEIRA,"RUA CEL. CLAUDINO, 254",1
160,272,ASSOCIACAO DE ENSINO SANTA TERESA DE JESUS,"AV. CAVALHADA, 2250",1
160,295,ESCOLA ESTADUAL RAFAEL PINTO BANDEIRA,"RUA CEL. CLAUDINO, 254",1
160,316,ESC. MUN. DE ENS. FUND. ARAMY SILVA,"RUA CHICO PEDRO, 390  F. 2413382",1
160,333,COLÉGIO MAE DE DEUS,"RUA DR. PEREIRA NETO, 475",1
160,362,ESCOLA ESTADUAL PEDRO SIRANGELO,"RUA JOSE CORREA DA SILVA, 380",1
160,374,ASSOCIACAO DE ENSINO SANTA TERESA DE JESUS,"AV. CAVALHADA, 2250",1
160,377,CENTRO COMUNITARIO PARQUE MADEPINHO,"RUA ARROIO GRANDE, 50",1
160,401,ESCOLA ESTADUAL OTAVIO MANGABEIRA,"RUA SILVIO SILVEIRA SOARES, 2551",1
160,407,COLÉGIO MAE DE DEUS,"RUA DR. PEREIRA NETO, 475",1
160,414,ESCOLA ESTADUAL ROQUE GONZALES,"AV. CAVALHADA, 2433",1
160,418,ESCOLA ESTADUAL PEDRO SIRANGELO,"RUA JOSE CORREA DA SILVA, 380",1
160,422,INSTITUTO EDUCACIONAL JOAO PAULO I,"TRAVESSA PEDRA REDONDA, 400",1
160,426,ESCOLA ESTADUAL PADRE REUS,"AV. OTTO NIEMEYER, 650",1
160,429,INSTITUTO SANTA LUZIA,"AV. CAVALHADA, 3999",1
160,435,COLÉGIO MAE DE DEUS,"RUA DR. PEREIRA NETO, 475",1
160,440,ESCOLA ESTADUAL LANDEL DE MOURA,"RUA JOSE GOMES, 400",1
160,444,ASSOCIACAO DE ENSINO SANTA TERESA DE JESUS,"AV. CAVALHADA, 2250",1
160,445,INSTITUTO EDUCACIONAL JOAO PAULO I,"TRAVESSA PEDRA REDONDA, 400",1
160,446,IGREJA SAO MATEUS - GINASIO DE ESPORTES,"RUA SARGENTO NICOLAU DIAS DE FARIAS, 568",1
160,450,ESCOLA ESTADUAL PEDRO SIRANGELO,"RUA JOSE CORREA DA SILVA, 380",1
160,451,ESC. EST. SANTOS DUMONT,"RUA CAETE, 328",1
160,456,ESCOLA ESTADUAL LANDEL DE MOURA,"RUA JOSE GOMES, 400",1
160,457,ESC. MUN. DE ENS. FUND. ARAMY SILVA,"RUA CHICO PEDRO, 390  F. 2413382",1
160,463,ESCOLA ESTADUAL PADRE REUS,"AV. OTTO NIEMEYER, 650",1
160,465,ASSOCIACAO DE ENSINO SANTA TERESA DE JESUS,"AV. CAVALHADA, 2250",1
160,472,ESC. MUN. DE ENS. FUND. ARAMY SILVA,"RUA CHICO PEDRO, 390  F. 2413382",1
160,479,ESC. EST. SANTOS DUMONT,"RUA CAETE, 328",1
160,488,SOCIEDADE EDUCACIONAL LEONARDO DA VINCI - BETA,"AV. ICARAI, 1879",1
160,490,SOCIEDADE EDUCACIONAL LEONARDO DA VINCI - BETA,"AV. ICARAI, 1879",1
160,492,E. E. 1.G. MONTE LÍBANO,"RUA LEMÚRIA, 10",1
160,494,E. E. 1.G. MONTE LÍBANO,"RUA LEMÚRIA, 10",1
160,498,E. E. 1.G. INC. DR.TANCREDO NEVES,"RUA VER. ROBERTO LANDELL DE MOURA, 448",1
160,501,E. E. 1.G. JARDIM VILA NOVA,"RUA FERNANDO PESSOA, 380",1
160,502,E. E. 1.G. JARDIM VILA NOVA,"RUA FERNANDO PESSOA, 380",1
160,504,E. E. 1.G. JARDIM VILA NOVA,"RUA FERNANDO PESSOA, 380",1
160,511,E. E. PAULINA MORESCO,"RUA TOMÉ ANTONIO DE SOUZA,160",1
160,512,E. E. PAULINA MORESCO,"RUA TOMÉ ANTONIO DE SOUZA,160",1
160,522,E. M. 1.G. LEOCÁDIA FELIZARDO PRESTES,"RUA ROMEU VASCONCELOS ROSA, 10",1
160,523,E. M. 1.G. LEOCÁDIA FELIZARDO PRESTES,"RUA ROMEU VASCONCELOS ROSA, 10",1
160,526,E. M. 1.G. LEOCÁDIA FELIZARDO PRESTES,"RUA ROMEU VASCONCELOS ROSA, 10",1
160,530,E. E. 1.G. PARAÍBA,"R ADÃO PINHEIRO DA SILVA, 490",1
160,532,E. E. 1.G. PARAÍBA,"R ADÃO PINHEIRO DA SILVA, 490",1
160,540,E. E. 1.G. PARAÍBA,"R ADÃO PINHEIRO DA SILVA, 490",1
160,541,E. E. 1.G. PARAÍBA,"R ADÃO PINHEIRO DA SILVA, 490",1
160,542,E. E. 1.G. PARAÍBA,"R ADÃO PINHEIRO DA SILVA, 490",1
160,549,E. E. DE 1. E 2. GRAUS ODILA GAY DA FONSECA,"AV. OSVALDO GONCALVES CRUZ, 444",1
160,551,E. E. DE 1. E 2. GRAUS ODILA GAY DA FONSECA,"AV. OSVALDO GONCALVES CRUZ, 444",1
160,553,E. M. VILA MONTECRISTO,"BECO CARLOS SUPERTI, 84",1
160,562,COLÉGIO MARISTA IPANEMA,AV. CEL MARCOS 1959,1
160,564,CLUBE DOS JANGADEIROS,"RUA ERNESTO DE PAIVA, 139",1
160,566,E. E. PAULINA MORESCO,"RUA TOMÉ ANTONIO DE SOUZA,160",1
160,569,ASSOCIACAO DO PESSOAL DA CAIXA ECONÔMICA FEDERAL,"AV. CEL. MARCOS, 627",1
160,572,ESCOLA ESTADUAL PADRE REUS,"AV. OTTO NIEMEYER, 650",1
160,573,COLÉGIO MARISTA IPANEMA,AV. CEL MARCOS 1959,1
161,140,EEEF SOLIMÕES,"ESTR. DAS QUIRINAS, PRÓX. PDA. 27",12
161,2,EEEF SOLIMÕES,"ESTR. DAS QUIRINAS, PRÓX. PDA. 27",7
161,78,EEEF SOLIMÕES,"ESTR. DAS QUIRINAS, PRÓX. PDA. 27",6
161,181,EMEF MORADAS DA HIPICA,"RUA GERALDO TOLLENS LINCK, S/N",6
161,28,EMEF MORADAS DA HIPICA,"RUA GERALDO TOLLENS LINCK, S/N",5
161,31,EMEF PROF. LARRY JOSE RIBEIRO ALVES - CIEM,"AV. ECONOMISTA NILO WULFF, 1001 (RESTINGA NOVA)",5
161,126,CESI - ZONA SUL,"AV. JUCA BATISTA, 4770",5
161,146,CESI - ZONA SUL,"AV. JUCA BATISTA, 4770",5
161,148,EMEF MORADAS DA HIPICA,"RUA GERALDO TOLLENS LINCK, S/N",5
161,164,EEEF ARAGUAIA,"ESTR. GEDEON LEITE, 780",5
161,165,EEEF NOSSA SENHORA DA CONCEIÇÃO,"AV. JOÃO ANTÔNIO DA SILVEIRA, 5071",5
161,478,EEEM OSCAR COELHO DE SOUZA,"ESTR. DO VAREJÃO, 372",5
161,7,EMEF CAMPOS DO CRISTAL,"BECO DO IMPÉRIO, 75 - VILA NOVA",4
161,39,EEEF HENRIQUE FARJAT,"AV. EDGAR PIRES DE CASTRO, 3050",4
161,46,CE ENGENHEIRO ILDO MENEGHETTI,"RUA EUGÊNIO RODRIGUES, 4919 (RESTINGA NOVA)",4
161,63,PARÓQUIA N. S. APARECIDA - C. SOCIAL PE. PEDRO LEONARDI,"ESTR. CHÁCARA DO BANCO, 71 (RESTINGA VELHA)",4
161,88,EMEF RINCÃO,"RUA LUIZ OTAVIO, 391",4
161,103,EMEF PROF. ANÍSIO TEIXEIRA,"RUA FRANCISCO MATTOS TERRES, 40",4
161,123,EMEF MORADAS DA HIPICA,"RUA GERALDO TOLLENS LINCK, S/N",4
161,131,EMEF PROF. LARRY JOSE RIBEIRO ALVES - CIEM,"AV. ECONOMISTA NILO WULFF, 1001 (RESTINGA NOVA)",4
161,135,CLUBE DO PROFESSOR GAÚCHO,"AV. GUAÍBA, 12060",4
161,150,EMEF MORADAS DA HIPICA,"RUA GERALDO TOLLENS LINCK, S/N",4
161,151,EEEF GENERAL NETO,"AV. EDGAR PIRES DE CASTRO, 10521",4
161,325,CLUBE DO PROFESSOR GAÚCHO,"AV. GUAÍBA, 12060",4
161,401,EEEF CLOTILDE CACHAPUZ MEDEIROS,"RUA ARACHANES, 242",4
161,426,EMEF PROF. ANÍSIO TEIXEIRA,"RUA FRANCISCO MATTOS TERRES, 40",4
161,455,CE ENGENHEIRO ILDO MENEGHETTI,"RUA EUGÊNIO RODRIGUES, 4919 (RESTINGA NOVA)",4
161,5,EEEF PROF. LANGENDONCK,"RUA JACUNDÁ, 365",3
161,8,EEEF CLOTILDE CACHAPUZ MEDEIROS,"RUA ARACHANES, 242",3
161,11,EEEF HENRIQUE FARJAT,"AV. EDGAR PIRES DE CASTRO, 3050",3
161,38,EMEF MORADAS DA HIPICA,"RUA GERALDO TOLLENS LINCK, S/N",3
161,47,EMEF MORADAS DA HIPICA,"RUA GERALDO TOLLENS LINCK, S/N",3
161,50,EEEF ARAGUAIA,"ESTR. GEDEON LEITE, 780",3
161,52,CESI - ZONA SUL,"AV. JUCA BATISTA, 4770",3
161,54,EEEF PROF. LANGENDONCK,"RUA JACUNDÁ, 365",3
161,60,EEEF ARAGUAIA,"ESTR. GEDEON LEITE, 780",3
161,66,EMEF SENADOR ALBERTO PASQUALINI,"RUA TENENTE ARISOLY FAGUNDES, 250 (RESTINGA NOVA)",3
161,80,EMEF PROF. LARRY JOSE RIBEIRO ALVES - CIEM,"AV. ECONOMISTA NILO WULFF, 1001 (RESTINGA NOVA)",3
161,93,EMEF CAMPOS DO CRISTAL,"BECO DO IMPÉRIO, 75 - VILA NOVA",3
161,96,EEEF PROF. LANGENDONCK,"RUA JACUNDÁ, 365",3
161,98,EEEF HENRIQUE FARJAT,"AV. EDGAR PIRES DE CASTRO, 3050",3
161,102,EEEF PROF. LANGENDONCK,"RUA JACUNDÁ, 365",3
161,134,EMEF PROF. ANÍSIO TEIXEIRA,"RUA FRANCISCO MATTOS TERRES, 40",3
161,162,CLUBE DO PROFESSOR GAÚCHO,"AV. GUAÍBA, 12060",3
161,169,EEEF HEITOR VILLA-LOBOS,"ESTR. DA EXTREMA, 2943",3
161,170,CESI - ZONA SUL,"AV. JUCA BATISTA, 4770",3
161,203,EEEM RAUL PILLA,"RUA ENG. OSCAR DE OLIVEIRA RAMOS, 660 (RESTINGA NOVA)",3
161,226,EMEF SENADOR ALBERTO PASQUALINI,"RUA TENENTE ARISOLY FAGUNDES, 250 (RESTINGA NOVA)",3
161,391,EEEF LUIZ GAMA,"RUA HONDURAS, 115 - LOT. MARIANTE",3
161,403,EMEF PROF. ANÍSIO TEIXEIRA,"RUA FRANCISCO MATTOS TERRES, 40",3
161,407,CE ENGENHEIRO ILDO MENEGHETTI,"RUA EUGÊNIO RODRIGUES, 4919 (RESTINGA NOVA)",3
161,418,EMEF PROF. LARRY JOSE RIBEIRO ALVES - CIEM,"AV. ECONOMISTA NILO WULFF, 1001 (RESTINGA NOVA)",3
161,432,CE ENGENHEIRO ILDO MENEGHETTI,"RUA EUGÊNIO RODRIGUES, 4919 (RESTINGA NOVA)",3
161,436,CESI - ZONA SUL,"AV. JUCA BATISTA, 4770",3
161,442,CE DOUTOR GLICÉRIO ALVES,"RUA EUSTÁQUIO INÁCIO DA SILVEIRA, 300",3
161,457,EEF MADRE RAFFO,"RUA DOUTOR CARLOS FLORES, 53",3
161,461,CE ENGENHEIRO ILDO MENEGHETTI,"RUA EUGÊNIO RODRIGUES, 4919 (RESTINGA NOVA)",3
161,1,EMEF CHAPÉU DO SOL,"RUA GOMERCINDO DE OLIVEIRA, S/N - LOT. CHAPÉU DO SOL",2
161,3,CESI - ZONA SUL,"AV. JUCA BATISTA, 4770",2
161,15,EMEF PROF. ANÍSIO TEIXEIRA,"RUA FRANCISCO MATTOS TERRES, 40",2
161,18,EMEF LIDOVINO FANTON,"RUA MANOEL FARIA ROSA PRIMO, 940 (RESTINGA VELHA)",2
161,41,EEEF ARAGUAIA,"ESTR. GEDEON LEITE, 780",2
161,48,EMEF MÁRIO QUINTANA,"RUA C, 1 (VILA CASTELO - 5 UNIDADE)",2
161,58,EEF MADRE RAFFO,"RUA DOUTOR CARLOS FLORES, 53",2
161,59,CESI - ZONA SUL,"AV. JUCA BATISTA, 4770",2
161,69,EEEF DR. JOSÉ LOUREIRO DA SILVA,"ESTR. RETIRO DA PONTA GROSSA, 3541",2
161,72,SÃO FRANCISCO PROJETO SOCIAL,"AV. PRINCIPAL DA PONTA GROSSA, 1701",2
161,74,ESPORTE CLUBE LAJEADO,"AV. EDGAR PIRES DE CASTRO, 9316",2
161,82,EEEM OSCAR COELHO DE SOUZA,"ESTR. DO VAREJÃO, 372",2
161,83,EEEF LUIZ GAMA,"RUA HONDURAS, 115 - LOT. MARIANTE",2
161,89,EEEF ARAGUAIA,"ESTR. GEDEON LEITE, 780",2
161,90,EEEM RAUL PILLA,"RUA ENG. OSCAR DE OLIVEIRA RAMOS, 660 (RESTINGA NOVA)",2
161,94,EMEF SENADOR ALBERTO PASQUALINI,"RUA TENENTE ARISOLY FAGUNDES, 250 (RESTINGA NOVA)",2
161,99,EMEF DOLORES ALCARAZ CALDAS,"RUA CARLOS NIEDERAUER HOFMEISTER, 85 (RESTINGA NOVA)",2
161,109,EMEF MORADAS DA HIPICA,"RUA GERALDO TOLLENS LINCK, S/N",2
161,116,EMEEF TRISTÃO SUCUPIRA VIANNA,"AV. ECONOMISTA NILO WULFF, 955 (RESTINGA NOVA)",2
161,124,EEEF GENERAL NETO,"AV. EDGAR PIRES DE CASTRO, 10521",2
161,127,EMEF SENADOR ALBERTO PASQUALINI,"RUA TENENTE ARISOLY FAGUNDES, 250 (RESTINGA NOVA)",2
161,137,EMEF MORADAS DA HIPICA,"RUA GERALDO TOLLENS LINCK, S/N",2
161,145,EEIEF FAG NHIN,"ESTR. JOÃO DE OLIVEIRA REMIÃO, 9105 - PDA. 25",2
161,147,EEEF ARAGUAIA,"ESTR. GEDEON LEITE, 780",2
161,153,EMEF NOSSA SENHORA DO CARMO,"RUA BISPO MARINO PRUDÊNCIO MOREIRA, 95 (5A UNIDADE)",2
161,155,CESI - ZONA SUL,"AV. JUCA BATISTA, 4770",2
161,159,EMEF MORADAS DA HIPICA,"RUA GERALDO TOLLENS LINCK, S/N",2
161,168,EEEF GENOVEVA DA COSTA BERNARDES,"ESTR. OTAVIANO JOSÉ PINTO, 50",2
161,171,SÃO FRANCISCO PROJETO SOCIAL,"AV. PRINCIPAL DA PONTA GROSSA, 1701",2
161,173,CESI - ZONA SUL,"AV. JUCA BATISTA, 4770",2
161,177,EMEF CAMPOS DO CRISTAL,"BECO DO IMPÉRIO, 75 - VILA NOVA",2
161,184,EEEF ARAGUAIA,"ESTR. GEDEON LEITE, 780",2
161,198,EEEF CLOTILDE CACHAPUZ MEDEIROS,"RUA ARACHANES, 242",2
161,296,EEEM RAUL PILLA,"RUA ENG. OSCAR DE OLIVEIRA RAMOS, 660 (RESTINGA NOVA)",2
161,306,EEEF EVARISTA FLORES DA CUNHA,"PÇA. INÁCIO ANTÔNIO DA SILVA, S/N",2
161,321,EEEF CLOTILDE CACHAPUZ MEDEIROS,"RUA ARACHANES, 242",2
161,351,EEEM RAUL PILLA,"RUA ENG. OSCAR DE OLIVEIRA RAMOS, 660 (RESTINGA NOVA)",2
161,400,EEEF DR. JOSÉ LOUREIRO DA SILVA,"ESTR. RETIRO DA PONTA GROSSA, 3541",2
161,405,CE DOUTOR GLICÉRIO ALVES,"RUA EUSTÁQUIO INÁCIO DA SILVEIRA, 300",2
161,412,CE ENGENHEIRO ILDO MENEGHETTI,"RUA EUGÊNIO RODRIGUES, 4919 (RESTINGA NOVA)",2
161,414,EEEF GENOVEVA DA COSTA BERNARDES,"ESTR. OTAVIANO JOSÉ PINTO, 50",2
161,424,EMEF PROF. LARRY JOSE RIBEIRO ALVES - CIEM,"AV. ECONOMISTA NILO WULFF, 1001 (RESTINGA NOVA)",2
161,439,EMEF SENADOR ALBERTO PASQUALINI,"RUA TENENTE ARISOLY FAGUNDES, 250 (RESTINGA NOVA)",2
161,449,EEEM OSCAR COELHO DE SOUZA,"ESTR. DO VAREJÃO, 372",2
161,465,EMEF VEREADOR CARLOS PESSOA DE BRUM,"RUA ABOLIÇÃO, 1 (RESTINGA VELHA)",2
161,469,EMEF PROF. ANÍSIO TEIXEIRA,"RUA FRANCISCO MATTOS TERRES, 40",2
161,472,EEEF GENOVEVA DA COSTA BERNARDES,"ESTR. OTAVIANO JOSÉ PINTO, 50",2
161,4,EEEF HENRIQUE FARJAT,"AV. EDGAR PIRES DE CASTRO, 3050",1
161,10,EEEF LUIZ GAMA,"RUA HONDURAS, 115 - LOT. MARIANTE",1
161,16,EMEF DOLORES ALCARAZ CALDAS,"RUA CARLOS NIEDERAUER HOFMEISTER, 85 (RESTINGA NOVA)",1
161,17,EMEF DOLORES ALCARAZ CALDAS,"RUA CARLOS NIEDERAUER HOFMEISTER, 85 (RESTINGA NOVA)",1
161,20,CE DOUTOR GLICÉRIO ALVES,"RUA EUSTÁQUIO INÁCIO DA SILVEIRA, 300",1
161,23,EEF MADRE RAFFO,"RUA DOUTOR CARLOS FLORES, 53",1
161,24,EEEM OSCAR COELHO DE SOUZA,"ESTR. DO VAREJÃO, 372",1
161,25,EMEEF TRISTÃO SUCUPIRA VIANNA,"AV. ECONOMISTA NILO WULFF, 955 (RESTINGA NOVA)",1
161,26,EEEF DR. JOSÉ LOUREIRO DA SILVA,"ESTR. RETIRO DA PONTA GROSSA, 3541",1
161,27,CE DOUTOR GLICÉRIO ALVES,"RUA EUSTÁQUIO INÁCIO DA SILVEIRA, 300",1
161,30,CE DOUTOR GLICÉRIO ALVES,"RUA EUSTÁQUIO INÁCIO DA SILVEIRA, 300",1
161,32,EEEM JOSÉ DO PATROCINIO,"RUA BELIZE, 261 (RESTINGA VELHA)",1
161,34,CLUBE DO PROFESSOR GAÚCHO,"AV. GUAÍBA, 12060",1
161,37,EEEM RAUL PILLA,"RUA ENG. OSCAR DE OLIVEIRA RAMOS, 660 (RESTINGA NOVA)",1
161,42,EEEF GENOVEVA DA COSTA BERNARDES,"ESTR. OTAVIANO JOSÉ PINTO, 50",1
161,45,EMEF PROF. ANÍSIO TEIXEIRA,"RUA FRANCISCO MATTOS TERRES, 40",1
161,62,EEEF CLOTILDE CACHAPUZ MEDEIROS,"RUA ARACHANES, 242",1
161,68,EEEM JOSÉ DO PATROCINIO,"RUA BELIZE, 261 (RESTINGA VELHA)",1
161,71,CE ENGENHEIRO ILDO MENEGHETTI,"RUA EUGÊNIO RODRIGUES, 4919 (RESTINGA NOVA)",1
161,79,EMEF LIDOVINO FANTON,"RUA MANOEL FARIA ROSA PRIMO, 940 (RESTINGA VELHA)",1
161,84,EEEM RAUL PILLA,"RUA ENG. OSCAR DE OLIVEIRA RAMOS, 660 (RESTINGA NOVA)",1
161,85,EMEF LIDOVINO FANTON,"RUA MANOEL FARIA ROSA PRIMO, 940 (RESTINGA VELHA)",1
161,87,EEEF EVARISTA FLORES DA CUNHA,"PÇA. INÁCIO ANTÔNIO DA SILVA, S/N",1
161,92,EMEF LIDOVINO FANTON,"RUA MANOEL FARIA ROSA PRIMO, 940 (RESTINGA VELHA)",1
161,100,EEEF EVARISTA FLORES DA CUNHA,"PÇA. INÁCIO ANTÔNIO DA SILVA, S/N",1
161,101,EMEF SENADOR ALBERTO PASQUALINI,"RUA TENENTE ARISOLY FAGUNDES, 250 (RESTINGA NOVA)",1
161,107,EEEF PROF. LANGENDONCK,"RUA JACUNDÁ, 365",1
161,110,EEEM JOSÉ DO PATROCINIO,"RUA BELIZE, 261 (RESTINGA VELHA)",1
161,111,CE ENGENHEIRO ILDO MENEGHETTI,"RUA EUGÊNIO RODRIGUES, 4919 (RESTINGA NOVA)",1
161,119,EEEF MARGARIDA COELHO DE SOUZA,"AV. DO LAMI, 4742",1
161,120,EEEF PEDRO AMERICO,"ESTR. CHAPÉU DO SOL, 1680",1
161,122,EMEF RINCÃO,"RUA LUIZ OTAVIO, 391",1
161,138,EMEF MORADAS DA HIPICA,"RUA GERALDO TOLLENS LINCK, S/N",1
161,141,CE ENGENHEIRO ILDO MENEGHETTI,"RUA EUGÊNIO RODRIGUES, 4919 (RESTINGA NOVA)",1
161,143,EEEF LUIZ GAMA,"RUA HONDURAS, 115 - LOT. MARIANTE",1
161,149,EEEF DR. JOSÉ LOUREIRO DA SILVA,"ESTR. RETIRO DA PONTA GROSSA, 3541",1
161,152,EEEM JOSÉ DO PATROCINIO,"RUA BELIZE, 261 (RESTINGA VELHA)",1
161,158,EEEM RAUL PILLA,"RUA ENG. OSCAR DE OLIVEIRA RAMOS, 660 (RESTINGA NOVA)",1
161,160,EMEF CAMPOS DO CRISTAL,"BECO DO IMPÉRIO, 75 - VILA NOVA",1
161,161,EMEF MORADAS DA HIPICA,"RUA GERALDO TOLLENS LINCK, S/N",1
161,163,EEEF EVARISTA FLORES DA CUNHA,"PÇA. INÁCIO ANTÔNIO DA SILVA, S/N",1
161,166,EMEF RINCÃO,"RUA LUIZ OTAVIO, 391",1
161,167,EMEF CHAPÉU DO SOL,"RUA GOMERCINDO DE OLIVEIRA, S/N - LOT. CHAPÉU DO SOL",1
161,174,EEEF ARAGUAIA,"ESTR. GEDEON LEITE, 780",1
161,176,EMEF MORADAS DA HIPICA,"RUA GERALDO TOLLENS LINCK, S/N",1
161,178,EMEF MORADAS DA HIPICA,"RUA GERALDO TOLLENS LINCK, S/N",1
161,179,EMEF SENADOR ALBERTO PASQUALINI,"RUA TENENTE ARISOLY FAGUNDES, 250 (RESTINGA NOVA)",1
161,223,EEF MADRE RAFFO,"RUA DOUTOR CARLOS FLORES, 53",1
161,224,EEEF PROF. LANGENDONCK,"RUA JACUNDÁ, 365",1
161,227,EMEF DOLORES ALCARAZ CALDAS,"RUA CARLOS NIEDERAUER HOFMEISTER, 85 (RESTINGA NOVA)",1
161,228,EEEF EVARISTA FLORES DA CUNHA,"PÇA. INÁCIO ANTÔNIO DA SILVA, S/N",1
161,259,CLUBE DO PROFESSOR GAÚCHO,"AV. GUAÍBA, 12060",1
161,288,CE DOUTOR GLICÉRIO ALVES,"RUA EUSTÁQUIO INÁCIO DA SILVEIRA, 300",1
161,301,EEEF ARAGUAIA,"ESTR. GEDEON LEITE, 780",1
161,315,EEEM OSCAR COELHO DE SOUZA,"ESTR. DO VAREJÃO, 372",1
161,330,EEEF PROF. LANGENDONCK,"RUA JACUNDÁ, 365",1
161,357,CE DOUTOR GLICÉRIO ALVES,"RUA EUSTÁQUIO INÁCIO DA SILVEIRA, 300",1
161,365,EMEF SENADOR ALBERTO PASQUALINI,"RUA TENENTE ARISOLY FAGUNDES, 250 (RESTINGA NOVA)",1
161,373,EEEM JOSÉ DO PATROCINIO,"RUA BELIZE, 261 (RESTINGA VELHA)",1
161,387,EEEF PROF. LANGENDONCK,"RUA JACUNDÁ, 365",1
161,394,EMEF DOLORES ALCARAZ CALDAS,"RUA CARLOS NIEDERAUER HOFMEISTER, 85 (RESTINGA NOVA)",1
161,398,CE ENGENHEIRO ILDO MENEGHETTI,"RUA EUGÊNIO RODRIGUES, 4919 (RESTINGA NOVA)",1
161,410,EMEF LIDOVINO FANTON,"RUA MANOEL FARIA ROSA PRIMO, 940 (RESTINGA VELHA)",1
161,419,CESI - ZONA SUL,"AV. JUCA BATISTA, 4770",1
161,420,EMEF PROF. LARRY JOSE RIBEIRO ALVES - CIEM,"AV. ECONOMISTA NILO WULFF, 1001 (RESTINGA NOVA)",1
161,431,EEEF DR. JOSÉ LOUREIRO DA SILVA,"ESTR. RETIRO DA PONTA GROSSA, 3541",1
161,437,EMEF VEREADOR CARLOS PESSOA DE BRUM,"RUA ABOLIÇÃO, 1 (RESTINGA VELHA)",1
161,440,EMEF LIDOVINO FANTON,"RUA MANOEL FARIA ROSA PRIMO, 940 (RESTINGA VELHA)",1
161,444,EMEF PROF. ANÍSIO TEIXEIRA,"RUA FRANCISCO MATTOS TERRES, 40",1
161,445,EMEF DOLORES ALCARAZ CALDAS,"RUA CARLOS NIEDERAUER HOFMEISTER, 85 (RESTINGA NOVA)",1
161,451,EEEF PROF. LANGENDONCK,"RUA JACUNDÁ, 365",1
161,452,EMEF VEREADOR CARLOS PESSOA DE BRUM,"RUA ABOLIÇÃO, 1 (RESTINGA VELHA)",1
161,456,EEEF CUSTÓDIO DE MELLO,"RUA ARGEMIRO OGANDO CORRÊA, 220",1
161,464,EEEF DR. JOSÉ LOUREIRO DA SILVA,"ESTR. RETIRO DA PONTA GROSSA, 3541",1
161,477,EMEF CHAPÉU DO SOL,"RUA GOMERCINDO DE OLIVEIRA, S/N - LOT. CHAPÉU DO SOL",1
161,480,EEEF EVARISTA FLORES DA CUNHA,"PÇA. INÁCIO ANTÔNIO DA SILVA, S/N",1
